date,time,region,location,reef,depth,genus,species,replicate,prey,bites04/02/17,14.45,Aceh,Lampuuk,Lampuuk north,2,Chaetodon,vagabundus,8,Galaxea fascicularis,1104/02/17,14.45,Aceh,Lampuuk,Lampuuk north,2,Chaetodon,vagabundus,8,turf,2404/02/17,14.45,Aceh,Lampuuk,Lampuuk north,2,Chaetodon,vagabundus,8,Pocillopora eydouxi,104/02/17,14.45,Aceh,Lampuuk,Lampuuk north,2,Chaetodon,vagabundus,8,Psammocora contigua,104/02/17,14.45,Aceh,Lampuuk,Lampuuk north,2,Chaetodon,vagabundus,8,Pavona venosa,104/02/17,14.45,Aceh,Lampuuk,Lampuuk north,2,Chaetodon,vagabundus,8,CCA,404/02/17,14.45,Aceh,Lampuuk,Lampuuk north,2,Chaetodon,citronella,6,Montipora efflorescens,204/02/17,14.45,Aceh,Lampuuk,Lampuuk north,2,Chaetodon,citronella,6,Clionia,204/02/17,14.45,Aceh,Lampuuk,Lampuuk north,2,Chaetodon,citronella,6,Pocillopora damicornis,204/02/17,14.45,Aceh,Lampuuk,Lampuuk north,2,Chaetodon,citronella,6,CCA,504/02/17,14.45,Aceh,Lampuuk,Lampuuk north,2,Chaetodon,citronella,6,Goniastrea retiformis,504/02/17,14.45,Aceh,Lampuuk,Lampuuk north,2,Chaetodon,citronella,6,Montipora crassituberculata,204/02/17,14.45,Aceh,Lampuuk,Lampuuk north,2,Chaetodon,citronella,6,turf,204/02/17,14.45,Aceh,Lampuuk,Lampuuk north,2,Chaetodon,citronella,6,Platygyra pini,204/02/17,14.45,Aceh,Lampuuk,Lampuuk north,2,Chaetodon,mayeri,6,Acropora lianae,1704/02/17,14.45,Aceh,Lampuuk,Lampuuk north,2,Chaetodon,mayeri,6,Montipora aequituberculata,304/02/17,14.45,Aceh,Lampuuk,Lampuuk north,2,Chaetodon,mayeri,6,Montipora sp,604/02/17,14.45,Aceh,Lampuuk,Lampuuk north,2,Chaetodon,mayeri,6,Montipora monasteriata,304/02/17,14.45,Aceh,Lampuuk,Lampuuk north,2,Chaetodon,mayeri,6,Pocillopora damicornis,204/02/17,14.45,Aceh,Lampuuk,Lampuuk north,2,Chaetodon,mayeri,6,Pavona venosa,204/02/17,14.45,Aceh,Lampuuk,Lampuuk north,2,Chaetodon,trifascialis,5,Pocillopora damicornis,404/02/17,14.45,Aceh,Lampuuk,Lampuuk north,2,Chaetodon,trifascialis,5,Montipora monasteriata,104/02/17,14.45,Aceh,Lampuuk,Lampuuk north,2,Chaetodon,trifascialis,5,Montipora sp,104/02/17,15.2,Aceh,Lampuuk,Lampuuk north,2,Chaetodon,guttatisimus,1,Montipora efflorescens,3604/02/17,15.2,Aceh,Lampuuk,Lampuuk north,2,Chaetodon,guttatisimus,1,Pavona venosa,404/02/17,9.05,Aceh,Lampuuk,Lampuuk north,2,Chaetodon,citronella,1,Porites lutea,204/02/17,9.05,Aceh,Lampuuk,Lampuuk north,2,Chaetodon,citronella,1,Montipora monasteriata,204/02/17,9.05,Aceh,Lampuuk,Lampuuk north,2,Chaetodon,citronella,1,Pocillopora damicornis,304/02/17,9.05,Aceh,Lampuuk,Lampuuk north,2,Chaetodon,citronella,1,turf,904/02/17,9.05,Aceh,Lampuuk,Lampuuk north,2,Chaetodon,vagabundus,1,turf,1504/02/17,9.05,Aceh,Lampuuk,Lampuuk north,2,Chaetodon,vagabundus,1,Porites lobata,204/02/17,9.05,Aceh,Lampuuk,Lampuuk north,2,Chaetodon,vagabundus,1,CCA,204/02/17,9.05,Aceh,Lampuuk,Lampuuk north,2,Chaetodon,citronella,2,Platygyra pini,704/02/17,9.05,Aceh,Lampuuk,Lampuuk north,2,Chaetodon,citronella,2,turf,904/02/17,9.05,Aceh,Lampuuk,Lampuuk north,2,Chaetodon,citronella,2,Montipora monasteriata,104/02/17,9.05,Aceh,Lampuuk,Lampuuk north,2,Chaetodon,citronella,2,CCA,304/02/17,9.05,Aceh,Lampuuk,Lampuuk north,2,Chaetodon,citronella,2,Clionia,204/02/17,9.05,Aceh,Lampuuk,Lampuuk north,2,Chaetodon,citronella,2,Porites lobata,104/02/17,9.05,Aceh,Lampuuk,Lampuuk north,2,Chaetodon,mayeri,1,Porites rus,404/02/17,9.05,Aceh,Lampuuk,Lampuuk north,2,Chaetodon,mayeri,1,Goniastrea retiformis,304/02/17,9.05,Aceh,Lampuuk,Lampuuk north,2,Chaetodon,mayeri,1,Cyphastrea sp,204/02/17,9.05,Aceh,Lampuuk,Lampuuk north,2,Chaetodon,mayeri,1,Montipora informis,104/02/17,9.05,Aceh,Lampuuk,Lampuuk north,2,Chaetodon,mayeri,1,Favites halicora,1804/02/17,9.05,Aceh,Lampuuk,Lampuuk north,2,Chaetodon,mayeri,1,turf,204/02/17,9.05,Aceh,Lampuuk,Lampuuk north,2,Chaetodon,mayeri,1,Pocillopora damicornis,704/02/17,9.05,Aceh,Lampuuk,Lampuuk north,2,Chaetodon,mayeri,1,Montipora monasteriata,104/02/17,9.05,Aceh,Lampuuk,Lampuuk north,2,Chaetodon,trifasciatus,1,Porites rus,404/02/17,9.05,Aceh,Lampuuk,Lampuuk north,2,Chaetodon,trifasciatus,1,Cyphastrea sp,204/02/17,9.05,Aceh,Lampuuk,Lampuuk north,2,Chaetodon,trifasciatus,1,turf,204/02/17,9.05,Aceh,Lampuuk,Lampuuk north,2,Chaetodon,trifasciatus,1,Montipora monasteriata,104/02/17,9.05,Aceh,Lampuuk,Lampuuk north,2,Chaetodon,trifasciatus,1,Pavona venosa,404/02/17,9.05,Aceh,Lampuuk,Lampuuk north,2,Chaetodon,trifasciatus,1,Galaxea fascicularis,404/02/17,9.05,Aceh,Lampuuk,Lampuuk north,2,Chaetodon,trifasciatus,1,Porites lobata,104/02/17,9.05,Aceh,Lampuuk,Lampuuk north,2,Chaetodon,trifasciatus,1,Pocillopora damicornis,104/02/17,9.05,Aceh,Lampuuk,Lampuuk north,2,Chaetodon,raflesi,1,turf,1104/02/17,9.05,Aceh,Lampuuk,Lampuuk north,2,Chaetodon,raflesi,1,sponge_green,504/02/17,9.05,Aceh,Lampuuk,Lampuuk north,2,Chaetodon,raflesi,1,Galaxea fascicularis,804/02/17,9.05,Aceh,Lampuuk,Lampuuk north,2,Chaetodon,raflesi,1,Montipora aequituberculata,104/02/17,9.05,Aceh,Lampuuk,Lampuuk north,2,Chaetodon,raflesi,1,Pavona varians,304/02/17,9.05,Aceh,Lampuuk,Lampuuk north,2,Chaetodon,raflesi,1,Montipora millepora,304/02/17,9.05,Aceh,Lampuuk,Lampuuk north,2,Chaetodon,raflesi,1,Pavona duerdeni,104/02/17,9.05,Aceh,Lampuuk,Lampuuk north,2,Chaetodon,trifascialis,1,Galaxea fascicularis,604/02/17,9.05,Aceh,Lampuuk,Lampuuk north,2,Chaetodon,trifascialis,1,Montipora sp,104/02/17,9.05,Aceh,Lampuuk,Lampuuk north,2,Chaetodon,trifascialis,1,Montipora aequituberculata,204/02/17,9.05,Aceh,Lampuuk,Lampuuk north,2,Chaetodon,trifascialis,1,Acropora lutkeni,104/02/17,9.05,Aceh,Lampuuk,Lampuuk north,2,Chaetodon,trifascialis,1,Montipora monasteriata,804/02/17,9.05,Aceh,Lampuuk,Lampuuk north,2,Chaetodon,vagabundus,2,Galaxea fascicularis,1304/02/17,9.05,Aceh,Lampuuk,Lampuuk north,2,Chaetodon,vagabundus,2,turf,704/02/17,9.05,Aceh,Lampuuk,Lampuuk north,2,Chaetodon,trifascialis,2,Montipora monasteriata,1004/02/17,9.05,Aceh,Lampuuk,Lampuuk north,2,Chaetodon,trifascialis,2,Pocillopora eydouxi,304/02/17,9.05,Aceh,Lampuuk,Lampuuk north,2,Chaetodon,trifascialis,2,Montipora aequituberculata,1604/02/17,9.05,Aceh,Lampuuk,Lampuuk north,2,Chaetodon,trifascialis,2,Galaxea fascicularis,304/02/17,9.05,Aceh,Lampuuk,Lampuuk north,2,Chaetodon,trifascialis,2,Montipora crassituberculata,704/02/17,9.05,Aceh,Lampuuk,Lampuuk north,2,Chaetodon,trifascialis,2,Acropora tenuis,104/02/17,9.05,Aceh,Lampuuk,Lampuuk north,2,Chaetodon,trifascialis,2,Acropora hyacinthus,104/02/17,9.05,Aceh,Lampuuk,Lampuuk north,2,Chaetodon,vagabundus,3,sand,304/02/17,9.05,Aceh,Lampuuk,Lampuuk north,2,Chaetodon,vagabundus,3,turf,3704/02/17,9.05,Aceh,Lampuuk,Lampuuk north,2,Chaetodon,vagabundus,3,Galaxea fascicularis,204/02/17,9.05,Aceh,Lampuuk,Lampuuk north,2,Chaetodon,vagabundus,4,Galaxea fascicularis,304/02/17,9.05,Aceh,Lampuuk,Lampuuk north,2,Chaetodon,vagabundus,4,turf,1204/02/17,9.05,Aceh,Lampuuk,Lampuuk north,2,Chaetodon,vagabundus,4,Pavona venosa,104/02/17,9.05,Aceh,Lampuuk,Lampuuk north,2,Chaetodon,vagabundus,4,Favites halicora,104/02/17,9.05,Aceh,Lampuuk,Lampuuk north,2,Chaetodon,vagabundus,4,CCA,104/02/17,9.05,Aceh,Lampuuk,Lampuuk north,2,Chaetodon,trifasciatus,2,Montipora monasteriata,404/02/17,9.05,Aceh,Lampuuk,Lampuuk north,2,Chaetodon,trifasciatus,2,Pavona venosa,204/02/17,9.05,Aceh,Lampuuk,Lampuuk north,2,Chaetodon,trifasciatus,2,Galaxea fascicularis,404/02/17,9.05,Aceh,Lampuuk,Lampuuk north,2,Chaetodon,trifasciatus,2,turf,204/02/17,9.05,Aceh,Lampuuk,Lampuuk north,2,Chaetodon,trifasciatus,2,Pocillopora eydouxi,104/02/17,9.05,Aceh,Lampuuk,Lampuuk north,2,Chaetodon,trifasciatus,2,Montipora aequituberculata,104/02/17,9.05,Aceh,Lampuuk,Lampuuk north,2,Chaetodon,andamanensis,1,Goniastrea retiformis,904/02/17,9.05,Aceh,Lampuuk,Lampuuk north,2,Chaetodon,andamanensis,1,Montipora millepora,304/02/17,9.05,Aceh,Lampuuk,Lampuuk north,2,Chaetodon,andamanensis,1,Favites halicora,1004/02/17,9.05,Aceh,Lampuuk,Lampuuk north,2,Chaetodon,andamanensis,1,Pavona venosa,304/02/17,9.05,Aceh,Lampuuk,Lampuuk north,2,Chaetodon,andamanensis,1,Galaxea fascicularis,604/02/17,9.05,Aceh,Lampuuk,Lampuuk north,2,Chaetodon,andamanensis,1,Coeloseris mayeri,104/02/17,9.05,Aceh,Lampuuk,Lampuuk north,2,Chaetodon,citronella,3,Dipsastraea pallida,104/02/17,9.05,Aceh,Lampuuk,Lampuuk north,2,Chaetodon,citronella,3,Pocillopora damicornis,104/02/17,9.05,Aceh,Lampuuk,Lampuuk north,2,Chaetodon,citronella,3,Goniastrea retiformis,104/02/17,9.05,Aceh,Lampuuk,Lampuuk north,2,Chaetodon,citronella,3,turf,204/02/17,9.05,Aceh,Lampuuk,Lampuuk north,2,Chaetodon,citronella,3,CCA,304/02/17,9.05,Aceh,Lampuuk,Lampuuk north,2,Chaetodon,citronella,3,Galaxea fascicularis,104/02/17,9.05,Aceh,Lampuuk,Lampuuk north,2,Chaetodon,citronella,3,Montipora millepora,104/02/17,9.05,Aceh,Lampuuk,Lampuuk north,2,Chaetodon,citronella,3,Montipora monasteriata,104/02/17,9.05,Aceh,Lampuuk,Lampuuk north,2,Chaetodon,citronella,3,Platygyra pini,304/02/17,9.05,Aceh,Lampuuk,Lampuuk north,2,Chaetodon,falcula,1,turf,304/02/17,9.05,Aceh,Lampuuk,Lampuuk north,2,Chaetodon,falcula,1,Galaxea fascicularis,604/02/17,9.05,Aceh,Lampuuk,Lampuuk north,2,Chaetodon,falcula,1,Pocillopora damicornis,904/02/17,9.05,Aceh,Lampuuk,Lampuuk north,2,Chaetodon,falcula,1,CCA,104/02/17,9.05,Aceh,Lampuuk,Lampuuk north,2,Chaetodon,vagabundus,5,Galaxea fascicularis,704/02/17,9.05,Aceh,Lampuuk,Lampuuk north,2,Chaetodon,vagabundus,5,turf,704/02/17,9.05,Aceh,Lampuuk,Lampuuk north,2,Chaetodon,vagabundus,5,Porites lobata,204/02/17,9.05,Aceh,Lampuuk,Lampuuk north,2,Chaetodon,vagabundus,5,Montipora monasteriata,104/02/17,9.05,Aceh,Lampuuk,Lampuuk north,2,Chaetodon,vagabundus,5,Coeloseris mayeri,304/02/17,9.05,Aceh,Lampuuk,Lampuuk north,2,Chaetodon,vagabundus,5,Platygyra ryukyuensis,304/02/17,9.05,Aceh,Lampuuk,Lampuuk north,2,Chaetodon,trifasciatus,3,Pocillopora eydouxi,504/02/17,9.05,Aceh,Lampuuk,Lampuuk north,2,Chaetodon,trifasciatus,3,Montipora monasteriata,104/02/17,9.05,Aceh,Lampuuk,Lampuuk north,2,Chaetodon,trifasciatus,3,Galaxea fascicularis,104/02/17,9.05,Aceh,Lampuuk,Lampuuk north,2,Chaetodon,trifasciatus,3,Leptastrea transversa,104/02/17,9.05,Aceh,Lampuuk,Lampuuk north,2,Chaetodon,citronella,4,Pocillopora damicornis,1104/02/17,9.05,Aceh,Lampuuk,Lampuuk north,2,Chaetodon,citronella,4,turf,704/02/17,9.05,Aceh,Lampuuk,Lampuuk north,2,Chaetodon,citronella,4,Dipsastraea pallida,204/02/17,9.05,Aceh,Lampuuk,Lampuuk north,2,Chaetodon,citronella,4,Goniastrea retiformis,104/02/17,9.05,Aceh,Lampuuk,Lampuuk north,2,Chaetodon,citronella,4,Favites halicora,104/02/17,9.05,Aceh,Lampuuk,Lampuuk north,2,Chaetodon,citronella,4,Galaxea fascicularis,104/02/17,9.05,Aceh,Lampuuk,Lampuuk north,2,Chaetodon,trifasciatus,4,Pavona venosa,404/02/17,9.05,Aceh,Lampuuk,Lampuuk north,2,Chaetodon,trifasciatus,4,Galaxea fascicularis,804/02/17,9.05,Aceh,Lampuuk,Lampuuk north,2,Chaetodon,trifasciatus,4,Pocillopora eydouxi,104/02/17,9.05,Aceh,Lampuuk,Lampuuk north,2,Chaetodon,trifasciatus,4,Montipora monasteriata,304/02/17,9.05,Aceh,Lampuuk,Lampuuk north,2,Chaetodon,trifasciatus,4,Goniastrea retiformis,104/02/17,9.05,Aceh,Lampuuk,Lampuuk north,2,Chaetodon,mayeri,2,Pocillopora eydouxi,1204/02/17,9.05,Aceh,Lampuuk,Lampuuk north,2,Chaetodon,mayeri,2,Favites pentagona,404/02/17,9.05,Aceh,Lampuuk,Lampuuk north,2,Chaetodon,mayeri,2,Leptastrea transversa,204/02/17,9.05,Aceh,Lampuuk,Lampuuk north,2,Chaetodon,mayeri,2,Montipora monasteriata,304/02/17,9.05,Aceh,Lampuuk,Lampuuk north,2,Chaetodon,mayeri,2,Montipora aequituberculata,304/02/17,9.05,Aceh,Lampuuk,Lampuuk north,2,Chaetodon,mayeri,2,Porites rus,204/02/17,9.05,Aceh,Lampuuk,Lampuuk north,2,Chaetodon,raflesi,2,turf,1204/02/17,9.05,Aceh,Lampuuk,Lampuuk north,2,Chaetodon,raflesi,2,Platygyra pini,204/02/17,9.05,Aceh,Lampuuk,Lampuuk north,2,Chaetodon,raflesi,2,Galaxea fascicularis,804/02/17,9.05,Aceh,Lampuuk,Lampuuk north,2,Chaetodon,raflesi,2,Goniastrea retiformis,104/02/17,9.05,Aceh,Lampuuk,Lampuuk north,2,Chaetodon,raflesi,2,Montipora smooth,204/02/17,9.05,Aceh,Lampuuk,Lampuuk north,2,Chaetodon,trifascialis,3,Montipora aequituberculata,904/02/17,9.05,Aceh,Lampuuk,Lampuuk north,2,Chaetodon,trifascialis,3,Pocillopora eydouxi,1104/02/17,9.05,Aceh,Lampuuk,Lampuuk north,2,Chaetodon,trifascialis,3,Acropora irregularis,604/02/17,9.05,Aceh,Lampuuk,Lampuuk north,2,Chaetodon,trifascialis,3,Montipora monasteriata,204/02/17,9.05,Aceh,Lampuuk,Lampuuk north,2,Chaetodon,trifascialis,3,Galaxea fascicularis,204/02/17,11,Aceh,Lampuuk,Lampuuk north,2,Chaetodon,andamanensis,2,turf,304/02/17,11,Aceh,Lampuuk,Lampuuk north,2,Chaetodon,andamanensis,2,Favites chinensis,204/02/17,11,Aceh,Lampuuk,Lampuuk north,2,Chaetodon,andamanensis,2,Pocillopora eydouxi,304/02/17,11,Aceh,Lampuuk,Lampuuk north,2,Chaetodon,andamanensis,2,Dipsastraea pallida,404/02/17,11,Aceh,Lampuuk,Lampuuk north,2,Chaetodon,andamanensis,2,CCA,104/02/17,11,Aceh,Lampuuk,Lampuuk north,2,Chaetodon,andamanensis,2,Montipora aequituberculata,204/02/17,11,Aceh,Lampuuk,Lampuuk north,2,Chaetodon,andamanensis,2,Galaxea fascicularis,304/02/17,11,Aceh,Lampuuk,Lampuuk north,2,Chaetodon,andamanensis,3,Galaxea fascicularis,304/02/17,11,Aceh,Lampuuk,Lampuuk north,2,Chaetodon,andamanensis,3,Favites pentagona,104/02/17,11,Aceh,Lampuuk,Lampuuk north,2,Chaetodon,andamanensis,3,Goniastrea retiformis,204/02/17,11,Aceh,Lampuuk,Lampuuk north,2,Chaetodon,andamanensis,3,Montipora monasteriata,404/02/17,11,Aceh,Lampuuk,Lampuuk north,2,Chaetodon,andamanensis,3,turf,504/02/17,11,Aceh,Lampuuk,Lampuuk north,2,Chaetodon,andamanensis,3,Dipsastraea matthai,404/02/17,11,Aceh,Lampuuk,Lampuuk north,2,Chaetodon,andamanensis,3,Favites halicora,304/02/17,11,Aceh,Lampuuk,Lampuuk north,2,Chaetodon,andamanensis,3,Favites abdita,504/02/17,11,Aceh,Lampuuk,Lampuuk north,2,Chaetodon,mayeri,3,Pavona varians,204/02/17,11,Aceh,Lampuuk,Lampuuk north,2,Chaetodon,mayeri,3,Montipora monasteriata,1104/02/17,11,Aceh,Lampuuk,Lampuuk north,2,Chaetodon,mayeri,3,Pocillopora eydouxi,3404/02/17,11,Aceh,Lampuuk,Lampuuk north,2,Chaetodon,mayeri,3,turf,204/02/17,11,Aceh,Lampuuk,Lampuuk north,2,Chaetodon,mayeri,3,Dipsastraea matthai,1404/02/17,11,Aceh,Lampuuk,Lampuuk north,2,Chaetodon,decussatus,1,Favites abdita,1304/02/17,11,Aceh,Lampuuk,Lampuuk north,2,Chaetodon,decussatus,1,Galaxea fascicularis,1804/02/17,11,Aceh,Lampuuk,Lampuuk north,2,Chaetodon,decussatus,1,Montipora aequituberculata,104/02/17,11,Aceh,Lampuuk,Lampuuk north,2,Chaetodon,decussatus,1,Leptoria phrygia,1504/02/17,11,Aceh,Lampuuk,Lampuuk north,2,Chaetodon,decussatus,1,turf,204/02/17,11,Aceh,Lampuuk,Lampuuk north,2,Chaetodon,andamanensis,4,Galaxea fascicularis,104/02/17,11,Aceh,Lampuuk,Lampuuk north,2,Chaetodon,andamanensis,4,Coeloseris mayeri,104/02/17,11,Aceh,Lampuuk,Lampuuk north,2,Chaetodon,andamanensis,4,Goniastrea retiformis,204/02/17,11,Aceh,Lampuuk,Lampuuk north,2,Chaetodon,andamanensis,4,Leptoria phrygia,304/02/17,11,Aceh,Lampuuk,Lampuuk north,2,Chaetodon,andamanensis,4,Favites abdita,404/02/17,11,Aceh,Lampuuk,Lampuuk north,2,Chaetodon,andamanensis,4,turf,304/02/17,11,Aceh,Lampuuk,Lampuuk north,2,Chaetodon,andamanensis,4,Platygyra ryukyuensis,204/02/17,11,Aceh,Lampuuk,Lampuuk north,2,Chaetodon,andamanensis,4,CCA,204/02/17,14,Aceh,Lampuuk,Lampuuk north,2,Chaetodon,trifasciatus,5,Porites lobata,804/02/17,14,Aceh,Lampuuk,Lampuuk north,2,Chaetodon,trifasciatus,5,Pocillopora damicornis,804/02/17,14,Aceh,Lampuuk,Lampuuk north,2,Chaetodon,trifasciatus,5,Montipora aequituberculata,204/02/17,14,Aceh,Lampuuk,Lampuuk north,2,Chaetodon,trifasciatus,5,turf,104/02/17,14,Aceh,Lampuuk,Lampuuk north,2,Chaetodon,vagabundus,6,Montipora aequituberculata,104/02/17,14,Aceh,Lampuuk,Lampuuk north,2,Chaetodon,vagabundus,6,turf,1304/02/17,14,Aceh,Lampuuk,Lampuuk north,2,Chaetodon,vagabundus,6,Montipora crassituberculata,504/02/17,14,Aceh,Lampuuk,Lampuuk north,2,Chaetodon,vagabundus,6,CCA,104/02/17,14,Aceh,Lampuuk,Lampuuk north,2,Chaetodon,vagabundus,6,sponge,104/02/17,14,Aceh,Lampuuk,Lampuuk north,2,Chaetodon,vagabundus,6,Galaxea fascicularis,104/02/17,14,Aceh,Lampuuk,Lampuuk north,2,Chaetodon,citronella,5,Porites rus,304/02/17,14,Aceh,Lampuuk,Lampuuk north,2,Chaetodon,citronella,5,Acropora tenuis,204/02/17,14,Aceh,Lampuuk,Lampuuk north,2,Chaetodon,citronella,5,turf,1504/02/17,14,Aceh,Lampuuk,Lampuuk north,2,Chaetodon,citronella,5,Pocillopora eydouxi,304/02/17,14,Aceh,Lampuuk,Lampuuk north,2,Chaetodon,citronella,5,Montipora monasteriata,104/02/17,14,Aceh,Lampuuk,Lampuuk north,2,Chaetodon,citronella,5,Pocillopora damicornis,104/02/17,14,Aceh,Lampuuk,Lampuuk north,2,Chaetodon,citronella,5,Montipora crassituberculata,204/02/17,14,Aceh,Lampuuk,Lampuuk north,2,Chaetodon,mayeri,4,Pocillopora damicornis,504/02/17,14,Aceh,Lampuuk,Lampuuk north,2,Chaetodon,melanotus,1,Heliopora,104/02/17,14,Aceh,Lampuuk,Lampuuk north,2,Chaetodon,melanotus,1,CCA,104/02/17,14,Aceh,Lampuuk,Lampuuk north,2,Chaetodon,vagabundus,7,Galaxea fascicularis,604/02/17,14,Aceh,Lampuuk,Lampuuk north,2,Chaetodon,vagabundus,7,turf,504/02/17,14,Aceh,Lampuuk,Lampuuk north,2,Chaetodon,vagabundus,7,Pocillopora damicornis,1004/02/17,14,Aceh,Lampuuk,Lampuuk north,2,Chaetodon,vagabundus,7,sponge_green,104/02/17,14,Aceh,Lampuuk,Lampuuk north,2,Chaetodon,trifascialis,4,Pocillopora damicornis,3304/02/17,14,Aceh,Lampuuk,Lampuuk north,2,Chaetodon,trifascialis,4,Galaxea fascicularis,104/02/17,14,Aceh,Lampuuk,Lampuuk north,2,Chaetodon,trifascialis,4,turf,204/02/17,14,Aceh,Lampuuk,Lampuuk north,2,Chaetodon,lunula ,1,turf,704/02/17,14,Aceh,Lampuuk,Lampuuk north,2,Chaetodon,lunula ,1,CCA,304/02/17,14,Aceh,Lampuuk,Lampuuk north,2,Chaetodon,lunula ,1,Montipora crassituberculata,104/02/17,14,Aceh,Lampuuk,Lampuuk north,2,Chaetodon,lunula ,1,sponge_green,304/02/17,14,Aceh,Lampuuk,Lampuuk north,2,Chaetodon,mayeri,5,Pocillopora damicornis,2004/02/17,14,Aceh,Lampuuk,Lampuuk north,2,Chaetodon,mayeri,5,Montipora crassituberculata,404/02/17,14,Aceh,Lampuuk,Lampuuk north,2,Chaetodon,mayeri,5,Porites rus,104/02/17,14,Aceh,Lampuuk,Lampuuk north,2,Chaetodon,mayeri,5,Psammocora contigua,604/02/17,14,Aceh,Lampuuk,Lampuuk north,2,Chaetodon,mayeri,5,Platygyra pini,204/02/17,14,Aceh,Lampuuk,Lampuuk north,2,Chaetodon,trifasciatus,6,Pocillopora damicornis,404/02/17,14,Aceh,Lampuuk,Lampuuk north,2,Chaetodon,trifasciatus,6,Galaxea fascicularis,504/02/17,14,Aceh,Lampuuk,Lampuuk north,2,Chaetodon,trifasciatus,6,Pavona varians,204/02/17,14,Aceh,Lampuuk,Lampuuk north,2,Chaetodon,trifasciatus,6,Porites rus,204/02/17,14,Aceh,Lampuuk,Lampuuk north,2,Chaetodon,trifasciatus,6,Goniastrea retiformis,604/02/17,14,Aceh,Lampuuk,Lampuuk north,2,Chaetodon,trifasciatus,6,Pavona venosa,1004/02/17,14,Aceh,Lampuuk,Lampuuk north,2,Chaetodon,trifasciatus,6,Montipora crassituberculata,604/02/17,14,Aceh,Lampuuk,Lampuuk north,2,Chaetodon,trifasciatus,6,Montipora monasteriata,304/02/17,14,Aceh,Lampuuk,Lampuuk north,2,Chaetodon,trifasciatus,6,Montipora efflorescens,304/02/17,14,Aceh,Lampuuk,Lampuuk north,2,Chaetodon,trifasciatus,6,Montipora aequituberculata,204/02/17,14.45,Aceh,Lampuuk,Lampuuk north,2,Chaetodon,andamanensis,5,Galaxea fascicularis,404/02/17,14.45,Aceh,Lampuuk,Lampuuk north,2,Chaetodon,andamanensis,5,Goniastrea retiformis,104/02/17,14.45,Aceh,Lampuuk,Lampuuk north,2,Chaetodon,andamanensis,5,Montipora monasteriata,109/02/17,10.05,Aceh,Pulau Weh,Sea Garden,2,Chaetodon,trifasciatus,1,Porites lutea,2109/02/17,10.05,Aceh,Pulau Weh,Sea Garden,2,Chaetodon,trifasciatus,1,Coeloseris mayeri,109/02/17,10.05,Aceh,Pulau Weh,Sea Garden,2,Chaetodon,trifasciatus,1,Montipora efflorescens,1009/02/17,10.05,Aceh,Pulau Weh,Sea Garden,2,Chaetodon,trifasciatus,1,Montipora tuberculosa,309/02/17,10.05,Aceh,Pulau Weh,Sea Garden,2,Chaetodon,trifasciatus,1,Pavona venosa,309/02/17,10.05,Aceh,Pulau Weh,Sea Garden,2,Chaetodon,trifasciatus,1,Galaxea fascicularis,209/02/17,10.05,Aceh,Pulau Weh,Sea Garden,2,Chaetodon,trifasciatus,1,Goniastrea retiformis,209/02/17,10.05,Aceh,Pulau Weh,Sea Garden,2,Chaetodon,trifascialis,1,Acropora digitifera,2909/02/17,10.05,Aceh,Pulau Weh,Sea Garden,2,Chaetodon,trifasciatus,2,Porites lutea,2209/02/17,10.05,Aceh,Pulau Weh,Sea Garden,2,Chaetodon,trifasciatus,2,Goniastrea retiformis,209/02/17,10.05,Aceh,Pulau Weh,Sea Garden,2,Chaetodon,trifasciatus,2,Montipora tuberculosa,309/02/17,10.05,Aceh,Pulau Weh,Sea Garden,2,Chaetodon,trifasciatus,3,Montipora aequituberculata,109/02/17,10.05,Aceh,Pulau Weh,Sea Garden,2,Chaetodon,trifasciatus,3,Acropora digitifera,109/02/17,10.05,Aceh,Pulau Weh,Sea Garden,2,Chaetodon,trifasciatus,3,Montipora efflorescens,309/02/17,10.05,Aceh,Pulau Weh,Sea Garden,2,Chaetodon,trifasciatus,3,Porites lutea,1309/02/17,10.05,Aceh,Pulau Weh,Sea Garden,2,Chaetodon,trifasciatus,3,Pavona venosa,109/02/17,10.05,Aceh,Pulau Weh,Sea Garden,2,Chaetodon,trifasciatus,3,Porites rus,109/02/17,10.05,Aceh,Pulau Weh,Sea Garden,2,Chaetodon,trifasciatus,3,Goniastrea retiformis,509/02/17,10.05,Aceh,Pulau Weh,Sea Garden,2,Chaetodon,trifasciatus,3,Acropora hyacinthus,109/02/17,10.05,Aceh,Pulau Weh,Sea Garden,2,Chaetodon,trifasciatus,3,Galaxea fascicularis,1009/02/17,10.05,Aceh,Pulau Weh,Sea Garden,2,Chaetodon,trifasciatus,3,turf,109/02/17,10.05,Aceh,Pulau Weh,Sea Garden,2,Chaetodon,trifasciatus,4,Porites lutea,909/02/17,10.05,Aceh,Pulau Weh,Sea Garden,2,Chaetodon,trifasciatus,4,Goniastrea retiformis,109/02/17,10.05,Aceh,Pulau Weh,Sea Garden,2,Chaetodon,trifasciatus,4,Montipora tuberculosa,309/02/17,10.05,Aceh,Pulau Weh,Sea Garden,2,Chaetodon,trifasciatus,4,Leptastrea transversa,309/02/17,10.05,Aceh,Pulau Weh,Sea Garden,2,Chaetodon,trifasciatus,4,Pavona venosa,609/02/17,10.05,Aceh,Pulau Weh,Sea Garden,2,Chaetodon,raflesi,1,turf,2709/02/17,10.05,Aceh,Pulau Weh,Sea Garden,2,Chaetodon,raflesi,1,Cyphastrea sp,109/02/17,10.05,Aceh,Pulau Weh,Sea Garden,2,Chaetodon,raflesi,1,Favites halicora,309/02/17,10.05,Aceh,Pulau Weh,Sea Garden,2,Chaetodon,raflesi,1,Pocillopora meandrina,209/02/17,10.05,Aceh,Pulau Weh,Sea Garden,2,Chaetodon,raflesi,1,clam,109/02/17,10.05,Aceh,Pulau Weh,Sea Garden,2,Chaetodon,raflesi,1,Galaxea fascicularis,409/02/17,10.05,Aceh,Pulau Weh,Sea Garden,2,Chaetodon,trifasciatus,5,Porites lutea,1209/02/17,10.05,Aceh,Pulau Weh,Sea Garden,2,Chaetodon,trifasciatus,5,Dipsastraea matthai,209/02/17,10.05,Aceh,Pulau Weh,Sea Garden,2,Chaetodon,trifasciatus,5,Goniastrea retiformis,409/02/17,10.05,Aceh,Pulau Weh,Sea Garden,2,Chaetodon,trifasciatus,5,Leptastrea transversa,509/02/17,10.05,Aceh,Pulau Weh,Sea Garden,2,Chaetodon,trifasciatus,5,turf,209/02/17,10.05,Aceh,Pulau Weh,Sea Garden,2,Chaetodon,trifasciatus,5,Montipora millepora,209/02/17,10.05,Aceh,Pulau Weh,Sea Garden,2,Chaetodon,trifasciatus,5,Galaxea fascicularis,409/02/17,10.05,Aceh,Pulau Weh,Sea Garden,2,Chaetodon,trifasciatus,6,Porites lutea,4409/02/17,10.05,Aceh,Pulau Weh,Sea Garden,2,Chaetodon,trifasciatus,6,Leptoria phrygia,209/02/17,10.05,Aceh,Pulau Weh,Sea Garden,2,Chaetodon,trifasciatus,6,Pavona varians,109/02/17,10.05,Aceh,Pulau Weh,Sea Garden,2,Chaetodon,trifasciatus,7,Cyphastrea chalcidicum,509/02/17,10.05,Aceh,Pulau Weh,Sea Garden,2,Chaetodon,trifasciatus,7,Coeloseris mayeri,209/02/17,10.05,Aceh,Pulau Weh,Sea Garden,2,Chaetodon,trifasciatus,7,Montipora tuberculosa,309/02/17,10.05,Aceh,Pulau Weh,Sea Garden,2,Chaetodon,trifasciatus,7,Leptastrea transversa,209/02/17,10.05,Aceh,Pulau Weh,Sea Garden,2,Chaetodon,trifasciatus,7,Porites lutea,1609/02/17,10.05,Aceh,Pulau Weh,Sea Garden,2,Chaetodon,trifasciatus,7,Goniastrea retiformis,209/02/17,10.05,Aceh,Pulau Weh,Sea Garden,2,Chaetodon,trifasciatus,7,Porites rus,109/02/17,10.05,Aceh,Pulau Weh,Sea Garden,2,Chaetodon,trifasciatus,7,Goniastrea stelligera,509/02/17,10.05,Aceh,Pulau Weh,Sea Garden,2,Chaetodon,trifasciatus,8,Pavona varians,409/02/17,10.05,Aceh,Pulau Weh,Sea Garden,2,Chaetodon,trifasciatus,8,Porites lutea,1809/02/17,10.05,Aceh,Pulau Weh,Sea Garden,2,Chaetodon,trifasciatus,8,Goniastrea retiformis,309/02/17,10.05,Aceh,Pulau Weh,Sea Garden,2,Chaetodon,trifasciatus,8,Coeloseris mayeri,209/02/17,10.05,Aceh,Pulau Weh,Sea Garden,2,Chaetodon,trifasciatus,8,Montipora tuberculosa,209/02/17,10.05,Aceh,Pulau Weh,Sea Garden,2,Chaetodon,trifasciatus,8,Galaxea fascicularis,209/02/17,10.05,Aceh,Pulau Weh,Sea Garden,2,Chaetodon,trifasciatus,8,Favites halicora,109/02/17,10.05,Aceh,Pulau Weh,Sea Garden,2,Chaetodon,trifasciatus,8,Cyphastrea hexasepta,409/02/17,11,Aceh,Pulau Weh,Sea Garden,2,Chaetodon,raflesi,1,turf,2909/02/17,11,Aceh,Pulau Weh,Sea Garden,2,Chaetodon,raflesi,1,Dipsastraea matthai,809/02/17,11,Aceh,Pulau Weh,Sea Garden,2,Chaetodon,raflesi,1,Galaxea fascicularis,509/02/17,11,Aceh,Pulau Weh,Sea Garden,2,Chaetodon,raflesi,1,Porites lutea,309/02/17,11,Aceh,Pulau Weh,Sea Garden,2,Chaetodon,raflesi,1,Heliopora,609/02/17,11,Aceh,Pulau Weh,Sea Garden,2,Chaetodon,guttatisimus,1,turf,509/02/17,11,Aceh,Pulau Weh,Sea Garden,2,Chaetodon,guttatisimus,1,Pocillopora verrucosa,109/02/17,11,Aceh,Pulau Weh,Sea Garden,2,Chaetodon,guttatisimus,1,Porites lutea,2809/02/17,11,Aceh,Pulau Weh,Sea Garden,2,Chaetodon,guttatisimus,1,Favites halicora,209/02/17,11,Aceh,Pulau Weh,Sea Garden,2,Chaetodon,guttatisimus,1,Cyphastrea kausti,109/02/17,11,Aceh,Pulau Weh,Sea Garden,2,Chaetodon,guttatisimus,2,Porites lutea,5709/02/17,11,Aceh,Pulau Weh,Sea Garden,2,Chaetodon,guttatisimus,2,turf,409/02/17,11,Aceh,Pulau Weh,Sea Garden,2,Chaetodon,melanotus,1,Heliopora,5809/02/17,11,Aceh,Pulau Weh,Sea Garden,2,Chaetodon,triangulum,1,Montipora efflorescens,1609/02/17,11,Aceh,Pulau Weh,Sea Garden,2,Chaetodon,triangulum,1,Cyphastrea microphthalma,109/02/17,11,Aceh,Pulau Weh,Sea Garden,2,Chaetodon,triangulum,1,Montipora tuberculosa,809/02/17,11,Aceh,Pulau Weh,Sea Garden,2,Chaetodon,triangulum,1,Goniastrea retiformis,709/02/17,11,Aceh,Pulau Weh,Sea Garden,2,Chaetodon,triangulum,1,Leptastrea transversa,109/02/17,11,Aceh,Pulau Weh,Sea Garden,2,Chaetodon,triangulum,1,Coeloseris mayeri,309/02/17,11,Aceh,Pulau Weh,Sea Garden,2,Chaetodon,triangulum,1,Acropora hyacinthus,609/02/17,11,Aceh,Pulau Weh,Sea Garden,2,Chaetodon,triangulum,1,Cyphastrea hexasepta,109/02/17,11,Aceh,Pulau Weh,Sea Garden,2,Chaetodon,triangulum,1,Pocillopora verrucosa,309/02/17,11,Aceh,Pulau Weh,Sea Garden,2,Chaetodon,triangulum,1,Acropora gemmifera,109/02/17,11,Aceh,Pulau Weh,Sea Garden,2,Chaetodon,triangulum,1,Galaxea fascicularis,209/02/17,11,Aceh,Pulau Weh,Sea Garden,2,Chaetodon,triangulum,1,Acropora juvenile,109/02/17,11,Aceh,Pulau Weh,Sea Garden,2,Chaetodon,mayeri,1,Montipora efflorescens,209/02/17,11,Aceh,Pulau Weh,Sea Garden,2,Chaetodon,mayeri,1,Cyphastrea sp,409/02/17,11,Aceh,Pulau Weh,Sea Garden,2,Chaetodon,mayeri,1,Pavona varians,109/02/17,11,Aceh,Pulau Weh,Sea Garden,2,Chaetodon,mayeri,1,Porites lutea,1009/02/17,11,Aceh,Pulau Weh,Sea Garden,2,Chaetodon,mayeri,1,Favites halicora,509/02/17,11,Aceh,Pulau Weh,Sea Garden,2,Chaetodon,mayeri,1,Galaxea fascicularis,309/02/17,11,Aceh,Pulau Weh,Sea Garden,2,Chaetodon,mayeri,1,Leptastrea transversa,209/02/17,11,Aceh,Pulau Weh,Sea Garden,2,Chaetodon,mayeri,1,Platygyra pini,309/02/17,11,Aceh,Pulau Weh,Sea Garden,2,Chaetodon,mayeri,1,Astreopora myriophthalma,309/02/17,11,Aceh,Pulau Weh,Sea Garden,2,Chaetodon,kleini,1,Porites lutea,309/02/17,11,Aceh,Pulau Weh,Sea Garden,2,Chaetodon,kleini,1,turf,4909/02/17,11,Aceh,Pulau Weh,Sea Garden,2,Chaetodon,guttatisimus,3,turf,709/02/17,11,Aceh,Pulau Weh,Sea Garden,2,Chaetodon,guttatisimus,3,Leptastrea transversa,809/02/17,11,Aceh,Pulau Weh,Sea Garden,2,Chaetodon,guttatisimus,3,Porites lutea,2009/02/17,11,Aceh,Pulau Weh,Sea Garden,2,Chaetodon,guttatisimus,3,Pavona varians,109/02/17,11,Aceh,Pulau Weh,Sea Garden,2,Chaetodon,guttatisimus,3,Cyphastrea sp,109/02/17,11,Aceh,Pulau Weh,Sea Garden,2,Chaetodon,guttatisimus,3,Goniastrea retiformis,809/02/17,11,Aceh,Pulau Weh,Sea Garden,2,Chaetodon,guttatisimus,4,Coeloseris mayeri,509/02/17,11,Aceh,Pulau Weh,Sea Garden,2,Chaetodon,guttatisimus,4,Porites lutea,1609/02/17,11,Aceh,Pulau Weh,Sea Garden,2,Chaetodon,guttatisimus,4,Cyphastrea sp,409/02/17,11,Aceh,Pulau Weh,Sea Garden,2,Chaetodon,guttatisimus,4,Goniastrea retiformis,309/02/17,11,Aceh,Pulau Weh,Sea Garden,2,Chaetodon,guttatisimus,4,Dipsastraea matthai,909/02/17,11,Aceh,Pulau Weh,Sea Garden,2,Chaetodon,triangulum,2,Coeloseris mayeri,1409/02/17,11,Aceh,Pulau Weh,Sea Garden,2,Chaetodon,triangulum,2,Galaxea fascicularis,1209/02/17,11,Aceh,Pulau Weh,Sea Garden,2,Chaetodon,triangulum,2,Pocillopora verrucosa,609/02/17,11,Aceh,Pulau Weh,Sea Garden,2,Chaetodon,triangulum,2,Platygyra pini,109/02/17,11,Aceh,Pulau Weh,Sea Garden,2,Chaetodon,triangulum,2,Gardineroseris planulata,209/02/17,11.5,Aceh,Pulau Weh,Sea Garden,2,Chaetodon,vagabundus,1,turf,5209/02/17,11.5,Aceh,Pulau Weh,Sea Garden,2,Chaetodon,vagabundus,1,Porites lutea,210/02/17,10.4,Aceh,Pulau Weh,Luca's Reef,2,Chaetodon,trifascialis,1,Acropora hyacinthus,2410/02/17,10.4,Aceh,Pulau Weh,Luca's Reef,2,Chaetodon,trifascialis,1,Acropora bifurcata,1010/02/17,10.4,Aceh,Pulau Weh,Luca's Reef,2,Chaetodon,trifascialis,1,Acropora paniculata,610/02/17,10.4,Aceh,Pulau Weh,Luca's Reef,2,Chaetodon,trifascialis,2,Acropora hyacinthus,1110/02/17,10.4,Aceh,Pulau Weh,Luca's Reef,2,Chaetodon,trifascialis,2,Acropora bifurcata,1210/02/17,10.4,Aceh,Pulau Weh,Luca's Reef,2,Chaetodon,trifascialis,2,Acropora nasuta,810/02/17,10.4,Aceh,Pulau Weh,Luca's Reef,2,Chaetodon,trifascialis,3,Acropora hyacinthus,610/02/17,10.4,Aceh,Pulau Weh,Luca's Reef,2,Chaetodon,trifascialis,3,Acropora bifurcata,1610/02/17,10.4,Aceh,Pulau Weh,Luca's Reef,2,Chaetodon,trifascialis,3,Acropora nasuta,110/02/17,10.4,Aceh,Pulau Weh,Luca's Reef,2,Chaetodon,guttatisimus,1,Acropora digitifera,1010/02/17,10.4,Aceh,Pulau Weh,Luca's Reef,2,Chaetodon,guttatisimus,1,Acropora hyacinthus,810/02/17,10.4,Aceh,Pulau Weh,Luca's Reef,2,Chaetodon,guttatisimus,1,Montipora monasteriata,410/02/17,10.4,Aceh,Pulau Weh,Luca's Reef,2,Chaetodon,guttatisimus,1,Porites lutea,210/02/17,10.4,Aceh,Pulau Weh,Luca's Reef,2,Chaetodon,guttatisimus,1,Montipora millepora,210/02/17,10.4,Aceh,Pulau Weh,Luca's Reef,2,Chaetodon,guttatisimus,1,Acropora nasuta,510/02/17,10.4,Aceh,Pulau Weh,Luca's Reef,2,Chaetodon,guttatisimus,1,Cyphastrea sp,310/02/17,10.4,Aceh,Pulau Weh,Luca's Reef,2,Chaetodon,trifascialis,4,Acropora downingi,1010/02/17,10.4,Aceh,Pulau Weh,Luca's Reef,2,Chaetodon,trifascialis,4,Acropora hyacinthus,2510/02/17,10.4,Aceh,Pulau Weh,Luca's Reef,2,Chaetodon,trifascialis,5,Acropora robusta,310/02/17,10.4,Aceh,Pulau Weh,Luca's Reef,2,Chaetodon,trifascialis,5,Montipora monasteriata,710/02/17,10.4,Aceh,Pulau Weh,Luca's Reef,2,Chaetodon,trifascialis,5,Acropora digitifera,1110/02/17,10.4,Aceh,Pulau Weh,Luca's Reef,2,Chaetodon,trifascialis,5,Acropora hyacinthus,810/02/17,10.4,Aceh,Pulau Weh,Luca's Reef,2,Chaetodon,trifascialis,5,Acropora gemmifera,110/02/17,10.4,Aceh,Pulau Weh,Luca's Reef,2,Chaetodon,trifascialis,5,Acropora nasuta,110/02/17,10.4,Aceh,Pulau Weh,Luca's Reef,2,Chaetodon,trifascialis,6,Montipora monasteriata,310/02/17,10.4,Aceh,Pulau Weh,Luca's Reef,2,Chaetodon,trifascialis,6,Acropora digitifera,810/02/17,10.4,Aceh,Pulau Weh,Luca's Reef,2,Chaetodon,trifascialis,6,Acropora hyacinthus,1010/02/17,10.4,Aceh,Pulau Weh,Luca's Reef,2,Chaetodon,trifascialis,6,Acropora downingi,210/02/17,10.4,Aceh,Pulau Weh,Luca's Reef,2,Chaetodon,trifascialis,7,Acropora divaricata,210/02/17,10.4,Aceh,Pulau Weh,Luca's Reef,2,Chaetodon,trifascialis,7,Acropora nasuta,210/02/17,10.4,Aceh,Pulau Weh,Luca's Reef,2,Chaetodon,trifascialis,7,Acropora hyacinthus,2410/02/17,10.4,Aceh,Pulau Weh,Luca's Reef,2,Chaetodon,trifascialis,7,Montipora monasteriata,1110/02/17,10.4,Aceh,Pulau Weh,Luca's Reef,2,Chaetodon,trifascialis,7,Acropora digitifera,110/02/17,11,Aceh,Pulau Weh,Luca's Reef,2,Chaetodon,trifascialis,8,Acropora downingi,810/02/17,11,Aceh,Pulau Weh,Luca's Reef,2,Chaetodon,trifascialis,8,Acropora hyacinthus,2410/02/17,11,Aceh,Pulau Weh,Luca's Reef,2,Chaetodon,trifascialis,8,Acropora paniculata,510/02/17,11.1,Aceh,Pulau Weh,Luca's Reef,2,Chaetodon,trifasciatus,1,Acropora hyacinthus,710/02/17,11.1,Aceh,Pulau Weh,Luca's Reef,2,Chaetodon,trifasciatus,1,Galaxea fascicularis,310/02/17,11.1,Aceh,Pulau Weh,Luca's Reef,2,Chaetodon,trifasciatus,1,Acropora digitifera,310/02/17,11.1,Aceh,Pulau Weh,Luca's Reef,2,Chaetodon,trifasciatus,1,Montipora aequituberculata,210/02/17,11.1,Aceh,Pulau Weh,Luca's Reef,2,Chaetodon,trifasciatus,1,Montipora monasteriata,710/02/17,11.1,Aceh,Pulau Weh,Luca's Reef,2,Chaetodon,trifasciatus,1,Acropora digitifera,110/02/17,11.1,Aceh,Pulau Weh,Luca's Reef,2,Chaetodon,trifasciatus,1,Leptoria phrygia,110/02/17,11.1,Aceh,Pulau Weh,Luca's Reef,2,Chaetodon,trifasciatus,1,Montipora efflorescens,110/02/17,11.1,Aceh,Pulau Weh,Luca's Reef,2,Chaetodon,trifasciatus,1,Montipora turgescens,110/02/17,11.1,Aceh,Pulau Weh,Luca's Reef,2,Chaetodon,trifasciatus,2,Montipora efflorescens,1010/02/17,11.1,Aceh,Pulau Weh,Luca's Reef,2,Chaetodon,trifasciatus,2,Acropora nasuta,510/02/17,11.1,Aceh,Pulau Weh,Luca's Reef,2,Chaetodon,trifasciatus,2,Acropora hyacinthus,910/02/17,11.1,Aceh,Pulau Weh,Luca's Reef,2,Chaetodon,trifasciatus,2,Acropora robusta,110/02/17,11.1,Aceh,Pulau Weh,Luca's Reef,2,Chaetodon,trifasciatus,2,Porites lutea,210/02/17,11.1,Aceh,Pulau Weh,Luca's Reef,2,Chaetodon,trifasciatus,2,Pavona venosa,210/02/17,11.1,Aceh,Pulau Weh,Luca's Reef,2,Chaetodon,trifasciatus,2,Leptastrea transversa,310/02/17,11.1,Aceh,Pulau Weh,Luca's Reef,2,Chaetodon,trifasciatus,2,Galaxea fascicularis,110/02/17,11.1,Aceh,Pulau Weh,Luca's Reef,2,Chaetodon,trifasciatus,2,Montipora monasteriata,710/02/17,11.1,Aceh,Pulau Weh,Luca's Reef,2,Chaetodon,trifasciatus,2,Acropora gemmifera,110/02/17,11.1,Aceh,Pulau Weh,Luca's Reef,2,Chaetodon,trifasciatus,2,Montipora aequituberculata,110/02/17,11.1,Aceh,Pulau Weh,Luca's Reef,2,Chaetodon,trifasciatus,2,Acropora bifurcata,210/02/17,11.1,Aceh,Pulau Weh,Luca's Reef,2,Chaetodon,trifasciatus,3,Montipora efflorescens,510/02/17,11.1,Aceh,Pulau Weh,Luca's Reef,2,Chaetodon,trifasciatus,3,Acropora nasuta,1310/02/17,11.1,Aceh,Pulau Weh,Luca's Reef,2,Chaetodon,trifasciatus,3,Montipora monasteriata,1510/02/17,11.1,Aceh,Pulau Weh,Luca's Reef,2,Chaetodon,trifasciatus,3,Pocillopora verrucosa,410/02/17,11.1,Aceh,Pulau Weh,Luca's Reef,2,Chaetodon,trifasciatus,3,Montipora tuberculosa,210/02/17,11.1,Aceh,Pulau Weh,Luca's Reef,2,Chaetodon,trifasciatus,3,Cyphastrea sp,110/02/17,11.1,Aceh,Pulau Weh,Luca's Reef,2,Chaetodon,trifasciatus,3,Galaxea fascicularis,310/02/17,11.1,Aceh,Pulau Weh,Luca's Reef,2,Chaetodon,trifasciatus,3,Acropora gemmifera,110/02/17,11.1,Aceh,Pulau Weh,Luca's Reef,2,Chaetodon,trifasciatus,3,Leptastrea transversa,110/02/17,11.1,Aceh,Pulau Weh,Luca's Reef,2,Chaetodon,trifasciatus,3,Dipsastraea matthai,110/02/17,11.1,Aceh,Pulau Weh,Luca's Reef,2,Chaetodon,trifasciatus,4,Acropora hyacinthus,310/02/17,11.1,Aceh,Pulau Weh,Luca's Reef,2,Chaetodon,trifasciatus,4,Montipora monasteriata,1510/02/17,11.1,Aceh,Pulau Weh,Luca's Reef,2,Chaetodon,trifasciatus,4,Montipora efflorescens,110/02/17,11.1,Aceh,Pulau Weh,Luca's Reef,2,Chaetodon,trifasciatus,4,Goniastrea retiformis,210/02/17,11.1,Aceh,Pulau Weh,Luca's Reef,2,Chaetodon,trifasciatus,4,Montipora millepora,710/02/17,11.1,Aceh,Pulau Weh,Luca's Reef,2,Chaetodon,trifasciatus,4,Montipora aequituberculata,310/02/17,11.1,Aceh,Pulau Weh,Luca's Reef,2,Chaetodon,trifasciatus,4,Montipora tuberculosa,410/02/17,11.1,Aceh,Pulau Weh,Luca's Reef,2,Chaetodon,trifasciatus,4,Acropora digitifera,210/02/17,11.1,Aceh,Pulau Weh,Luca's Reef,2,Chaetodon,trifasciatus,4,Acropora nasuta,110/02/17,11.1,Aceh,Pulau Weh,Luca's Reef,2,Chaetodon,trifasciatus,4,Galaxea fascicularis,110/02/17,11.1,Aceh,Pulau Weh,Luca's Reef,2,Chaetodon,triangulum,1,Acropora hyacinthus,1910/02/17,11.1,Aceh,Pulau Weh,Luca's Reef,2,Chaetodon,triangulum,1,Acropora digitifera,1710/02/17,11.1,Aceh,Pulau Weh,Luca's Reef,2,Chaetodon,triangulum,1,Montipora monasteriata,810/02/17,11.1,Aceh,Pulau Weh,Luca's Reef,2,Chaetodon,triangulum,1,Galaxea fascicularis,210/02/17,11.1,Aceh,Pulau Weh,Luca's Reef,2,Chaetodon,triangulum,1,Pocillopora meandrina,310/02/17,11.1,Aceh,Pulau Weh,Luca's Reef,2,Chaetodon,triangulum,1,Montipora aequituberculata,210/02/17,11.1,Aceh,Pulau Weh,Luca's Reef,2,Chaetodon,trifasciatus,5,Montipora efflorescens,510/02/17,11.1,Aceh,Pulau Weh,Luca's Reef,2,Chaetodon,trifasciatus,5,Acropora hyacinthus,1510/02/17,11.1,Aceh,Pulau Weh,Luca's Reef,2,Chaetodon,trifasciatus,5,Acropora nasuta,110/02/17,11.1,Aceh,Pulau Weh,Luca's Reef,2,Chaetodon,trifasciatus,5,Dipsastraea matthai,210/02/17,11.1,Aceh,Pulau Weh,Luca's Reef,2,Chaetodon,trifasciatus,5,Montipora monasteriata,1910/02/17,11.1,Aceh,Pulau Weh,Luca's Reef,2,Chaetodon,trifasciatus,5,Montipora aequituberculata,610/02/17,11.1,Aceh,Pulau Weh,Luca's Reef,2,Chaetodon,trifasciatus,5,Porites lutea,210/02/17,11.1,Aceh,Pulau Weh,Luca's Reef,2,Chaetodon,trifasciatus,6,Montipora tuberculosa,210/02/17,11.1,Aceh,Pulau Weh,Luca's Reef,2,Chaetodon,trifasciatus,6,Montipora monasteriata,1010/02/17,11.1,Aceh,Pulau Weh,Luca's Reef,2,Chaetodon,trifasciatus,6,Acropora gemmifera,210/02/17,11.1,Aceh,Pulau Weh,Luca's Reef,2,Chaetodon,trifasciatus,6,Acropora hyacinthus,1010/02/17,11.1,Aceh,Pulau Weh,Luca's Reef,2,Chaetodon,trifasciatus,6,Montipora aequituberculata,510/02/17,11.1,Aceh,Pulau Weh,Luca's Reef,2,Chaetodon,trifasciatus,6,Acropora digitifera,210/02/17,11.1,Aceh,Pulau Weh,Luca's Reef,2,Chaetodon,trifasciatus,6,Acropora paniculata,310/02/17,11.1,Aceh,Pulau Weh,Luca's Reef,2,Chaetodon,trifasciatus,6,Porites lutea,210/02/17,11.1,Aceh,Pulau Weh,Luca's Reef,2,Chaetodon,trifasciatus,6,Acropora downingi,210/02/17,11.1,Aceh,Pulau Weh,Luca's Reef,2,Chaetodon,triangulum,2,Acropora hyacinthus,2210/02/17,11.1,Aceh,Pulau Weh,Luca's Reef,2,Chaetodon,triangulum,2,Cyphastrea sp,1210/02/17,11.1,Aceh,Pulau Weh,Luca's Reef,2,Chaetodon,triangulum,2,Acropora digitifera,1410/02/17,11.1,Aceh,Pulau Weh,Luca's Reef,2,Chaetodon,triangulum,2,Montipora monasteriata,710/02/17,11.1,Aceh,Pulau Weh,Luca's Reef,2,Chaetodon,triangulum,2,Montipora tuberculosa,410/02/17,11.1,Aceh,Pulau Weh,Luca's Reef,2,Chaetodon,triangulum,2,Galaxea fascicularis,110/02/17,11.1,Aceh,Pulau Weh,Luca's Reef,2,Chaetodon,triangulum,2,Montipora millepora,210/02/17,11.1,Aceh,Pulau Weh,Luca's Reef,2,Chaetodon,triangulum,2,Acropora downingi,510/02/17,11.1,Aceh,Pulau Weh,Luca's Reef,2,Chaetodon,trifasciatus,7,Porites lutea,310/02/17,11.1,Aceh,Pulau Weh,Luca's Reef,2,Chaetodon,trifasciatus,7,Acropora hyacinthus,1210/02/17,11.1,Aceh,Pulau Weh,Luca's Reef,2,Chaetodon,trifasciatus,7,Dipsastraea matthai,410/02/17,11.1,Aceh,Pulau Weh,Luca's Reef,2,Chaetodon,trifasciatus,7,Acropora downingi,310/02/17,11.1,Aceh,Pulau Weh,Luca's Reef,2,Chaetodon,trifasciatus,7,Montipora millepora,210/02/17,11.1,Aceh,Pulau Weh,Luca's Reef,2,Chaetodon,trifasciatus,7,Montipora aequituberculata,210/02/17,11.1,Aceh,Pulau Weh,Luca's Reef,2,Chaetodon,trifasciatus,7,Montipora tuberculosa,210/02/17,11.1,Aceh,Pulau Weh,Luca's Reef,2,Chaetodon,trifasciatus,7,Galaxea fascicularis,510/02/17,11.1,Aceh,Pulau Weh,Luca's Reef,2,Chaetodon,trifasciatus,7,Cyphastrea microphthalma,210/02/17,11.1,Aceh,Pulau Weh,Luca's Reef,2,Chaetodon,trifasciatus,7,Pavona varians,110/02/17,11.1,Aceh,Pulau Weh,Luca's Reef,2,Chaetodon,trifasciatus,7,Montipora monasteriata,1910/02/17,11.1,Aceh,Pulau Weh,Luca's Reef,2,Chaetodon,trifasciatus,7,Montipora efflorescens,110/02/17,11.1,Aceh,Pulau Weh,Luca's Reef,2,Chaetodon,trifasciatus,8,Pocillopora eydouxi,210/02/17,11.1,Aceh,Pulau Weh,Luca's Reef,2,Chaetodon,trifasciatus,8,Acropora gemmifera,110/02/17,11.1,Aceh,Pulau Weh,Luca's Reef,2,Chaetodon,trifasciatus,8,Acropora digitifera,410/02/17,11.1,Aceh,Pulau Weh,Luca's Reef,2,Chaetodon,trifasciatus,8,Leptastrea transversa,210/02/17,11.1,Aceh,Pulau Weh,Luca's Reef,2,Chaetodon,trifasciatus,8,Dipsastraea matthai,210/02/17,11.1,Aceh,Pulau Weh,Luca's Reef,2,Chaetodon,trifasciatus,8,Montipora monasteriata,710/02/17,11.1,Aceh,Pulau Weh,Luca's Reef,2,Chaetodon,trifasciatus,8,Montipora aequituberculata,810/02/17,11.1,Aceh,Pulau Weh,Luca's Reef,2,Chaetodon,trifasciatus,8,Montipora crassituberculata,210/02/17,11.1,Aceh,Pulau Weh,Luca's Reef,2,Chaetodon,trifasciatus,8,Montipora efflorescens,210/02/17,11.1,Aceh,Pulau Weh,Luca's Reef,2,Chaetodon,trifasciatus,8,Acropora hyacinthus,210/02/17,11.1,Aceh,Pulau Weh,Luca's Reef,2,Chaetodon,trifasciatus,8,Acropora nasuta,110/02/17,11.1,Aceh,Pulau Weh,Luca's Reef,2,Chaetodon,trifasciatus,8,Montipora millepora,110/02/17,11.1,Aceh,Pulau Weh,Luca's Reef,2,Chaetodon,trifasciatus,8,Porites lutea,110/02/17,11.1,Aceh,Pulau Weh,Luca's Reef,2,Chaetodon,trifasciatus,8,Montipora tuberculosa,110/02/17,11.1,Aceh,Pulau Weh,Luca's Reef,2,Chaetodon,guttatisimus,2,Acropora hyacinthus,710/02/17,11.1,Aceh,Pulau Weh,Luca's Reef,2,Chaetodon,guttatisimus,2,Montipora sp,110/02/17,11.1,Aceh,Pulau Weh,Luca's Reef,2,Chaetodon,guttatisimus,2,Montipora tuberculosa,110/02/17,11.1,Aceh,Pulau Weh,Luca's Reef,2,Chaetodon,guttatisimus,2,Montipora millepora,410/02/17,11.1,Aceh,Pulau Weh,Luca's Reef,2,Chaetodon,guttatisimus,2,Porites lutea,110/02/17,11.1,Aceh,Pulau Weh,Luca's Reef,2,Chaetodon,guttatisimus,2,Acropora downingi,310/02/17,11.1,Aceh,Pulau Weh,Luca's Reef,2,Chaetodon,guttatisimus,2,Montipora aequituberculata,110/02/17,11.1,Aceh,Pulau Weh,Luca's Reef,2,Chaetodon,guttatisimus,2,Acropora digitifera,110/02/17,11.1,Aceh,Pulau Weh,Luca's Reef,2,Chaetodon,guttatisimus,2,Acropora nasuta,110/02/17,11.1,Aceh,Pulau Weh,Luca's Reef,2,Chaetodon,guttatisimus,2,Montipora efflorescens,210/02/17,11.1,Aceh,Pulau Weh,Luca's Reef,2,Chaetodon,guttatisimus,2,Montipora monasteriata,210/02/17,11.1,Aceh,Pulau Weh,Luca's Reef,2,Chaetodon,raflesi,1,Acropora gemmifera,310/02/17,11.1,Aceh,Pulau Weh,Luca's Reef,2,Chaetodon,raflesi,1,turf,1610/02/17,11.1,Aceh,Pulau Weh,Luca's Reef,2,Chaetodon,raflesi,1,Pocillopora verrucosa,210/02/17,11.1,Aceh,Pulau Weh,Luca's Reef,2,Chaetodon,raflesi,1,Acropora digitifera,110/02/17,11.1,Aceh,Pulau Weh,Luca's Reef,2,Chaetodon,raflesi,1,Pocillopora eydouxi,210/02/17,11.1,Aceh,Pulau Weh,Luca's Reef,2,Chaetodon,raflesi,1,Astrea curta,210/02/17,11.1,Aceh,Pulau Weh,Luca's Reef,2,Chaetodon,raflesi,1,Galaxea fascicularis,310/02/17,11.1,Aceh,Pulau Weh,Luca's Reef,2,Chaetodon,raflesi,1,Montipora monasteriata,210/02/17,11.1,Aceh,Pulau Weh,Luca's Reef,2,Chaetodon,raflesi,1,Porites lutea,110/02/17,11.1,Aceh,Pulau Weh,Luca's Reef,2,Chaetodon,vagabundus,1,Montipora monasteriata,310/02/17,11.1,Aceh,Pulau Weh,Luca's Reef,2,Chaetodon,vagabundus,1,Acropora digitifera,410/02/17,11.1,Aceh,Pulau Weh,Luca's Reef,2,Chaetodon,vagabundus,1,Acropora hyacinthus,110/02/17,11.1,Aceh,Pulau Weh,Luca's Reef,2,Chaetodon,vagabundus,1,Galaxea fascicularis,210/02/17,11.1,Aceh,Pulau Weh,Luca's Reef,2,Chaetodon,vagabundus,1,turf,210/02/17,12.3,Aceh,Pulau Weh,Luca's Reef,2,Chaetodon,triangulum,3,Acropora hyacinthus,1010/02/17,12.3,Aceh,Pulau Weh,Luca's Reef,2,Chaetodon,triangulum,3,Montipora monasteriata,1010/02/17,12.3,Aceh,Pulau Weh,Luca's Reef,2,Chaetodon,triangulum,3,Montipora millepora,110/02/17,12.3,Aceh,Pulau Weh,Luca's Reef,2,Chaetodon,triangulum,3,Montipora tuberculosa,310/02/17,12.3,Aceh,Pulau Weh,Luca's Reef,2,Chaetodon,triangulum,3,Acropora gemmifera,110/02/17,12.3,Aceh,Pulau Weh,Luca's Reef,2,Chaetodon,triangulum,3,Acropora paniculata,110/02/17,12.3,Aceh,Pulau Weh,Luca's Reef,2,Chaetodon,triangulum,3,Acropora digitifera,1410/02/17,12.3,Aceh,Pulau Weh,Luca's Reef,2,Chaetodon,triangulum,3,Pocillopora eydouxi,210/02/17,12.3,Aceh,Pulau Weh,Luca's Reef,2,Chaetodon,triangulum,3,Galaxea fascicularis,510/02/17,14.2,Aceh,Pulau Weh,Luca's Reef,2,Chaetodon,citronella,1,Acropora hyacinthus,810/02/17,14.2,Aceh,Pulau Weh,Luca's Reef,2,Chaetodon,citronella,1,Montipora millepora,110/02/17,14.2,Aceh,Pulau Weh,Luca's Reef,2,Chaetodon,citronella,1,Acropora nasuta,110/02/17,14.2,Aceh,Pulau Weh,Luca's Reef,2,Chaetodon,citronella,1,turf,710/02/17,14.2,Aceh,Pulau Weh,Luca's Reef,2,Chaetodon,citronella,2,Montipora monasteriata,1110/02/17,14.2,Aceh,Pulau Weh,Luca's Reef,2,Chaetodon,citronella,2,turf,1310/02/17,14.2,Aceh,Pulau Weh,Luca's Reef,2,Chaetodon,citronella,2,Montipora millepora,410/02/17,14.2,Aceh,Pulau Weh,Luca's Reef,2,Chaetodon,citronella,2,Pocillopora verrucosa,210/02/17,14.2,Aceh,Pulau Weh,Luca's Reef,2,Chaetodon,citronella,2,Montipora tuberculosa,610/02/17,14.2,Aceh,Pulau Weh,Luca's Reef,2,Chaetodon,citronella,2,Acropora hyacinthus,110/02/17,14.2,Aceh,Pulau Weh,Luca's Reef,2,Chaetodon,citronella,2,Pavona varians,110/02/17,14.2,Aceh,Pulau Weh,Luca's Reef,2,Chaetodon,citronella,2,Cyphastrea sp,310/02/17,14.2,Aceh,Pulau Weh,Luca's Reef,2,Chaetodon,citronella,2,Galaxea fascicularis,110/02/17,14.2,Aceh,Pulau Weh,Luca's Reef,2,Chaetodon,guttatisimus,3,Montipora monasteriata,410/02/17,14.2,Aceh,Pulau Weh,Luca's Reef,2,Chaetodon,guttatisimus,3,Montipora efflorescens,210/02/17,14.2,Aceh,Pulau Weh,Luca's Reef,2,Chaetodon,guttatisimus,3,Montipora tuberculosa,310/02/17,14.2,Aceh,Pulau Weh,Luca's Reef,2,Chaetodon,guttatisimus,3,turf,110/02/17,14.2,Aceh,Pulau Weh,Luca's Reef,2,Chaetodon,guttatisimus,3,Montipora millepora,410/02/17,14.2,Aceh,Pulau Weh,Luca's Reef,2,Chaetodon,vagabundus,2,turf,3510/02/17,14.2,Aceh,Pulau Weh,Luca's Reef,2,Chaetodon,vagabundus,2,Montipora efflorescens,110/02/17,14.2,Aceh,Pulau Weh,Luca's Reef,2,Chaetodon,vagabundus,2,Montipora monasteriata,410/02/17,14.2,Aceh,Pulau Weh,Luca's Reef,2,Chaetodon,guttatisimus,4,Montipora monasteriata,1410/02/17,14.2,Aceh,Pulau Weh,Luca's Reef,2,Chaetodon,guttatisimus,4,Montipora tuberculosa,810/02/17,14.2,Aceh,Pulau Weh,Luca's Reef,2,Chaetodon,guttatisimus,4,Montipora millepora,110/02/17,14.2,Aceh,Pulau Weh,Luca's Reef,2,Chaetodon,guttatisimus,4,Pocillopora meandrina,210/02/17,14.2,Aceh,Pulau Weh,Luca's Reef,2,Chaetodon,guttatisimus,5,Porites lutea,210/02/17,14.2,Aceh,Pulau Weh,Luca's Reef,2,Chaetodon,guttatisimus,5,Montipora efflorescens,110/02/17,14.2,Aceh,Pulau Weh,Luca's Reef,2,Chaetodon,guttatisimus,5,Montipora altasepta,310/02/17,14.2,Aceh,Pulau Weh,Luca's Reef,2,Chaetodon,guttatisimus,5,Montipora tuberculosa,210/02/17,14.2,Aceh,Pulau Weh,Luca's Reef,2,Chaetodon,guttatisimus,5,Montipora aequituberculata,110/02/17,14.2,Aceh,Pulau Weh,Luca's Reef,2,Chaetodon,guttatisimus,5,Montipora millepora,210/02/17,14.2,Aceh,Pulau Weh,Luca's Reef,2,Chaetodon,guttatisimus,5,Montipora caliculata,110/02/17,14.2,Aceh,Pulau Weh,Luca's Reef,2,Chaetodon,guttatisimus,5,Pocillopora verrucosa,110/02/17,14.2,Aceh,Pulau Weh,Luca's Reef,2,Chaetodon,guttatisimus,5,Acropora divaricata,110/02/17,14.2,Aceh,Pulau Weh,Luca's Reef,2,Chaetodon,triangulum,4,Pocillopora meandrina,810/02/17,14.2,Aceh,Pulau Weh,Luca's Reef,2,Chaetodon,triangulum,4,Galaxea fascicularis,2010/02/17,14.2,Aceh,Pulau Weh,Luca's Reef,2,Chaetodon,triangulum,4,Acropora hyacinthus,1010/02/17,14.2,Aceh,Pulau Weh,Luca's Reef,2,Chaetodon,triangulum,4,Montipora millepora,210/02/17,14.2,Aceh,Pulau Weh,Luca's Reef,2,Chaetodon,triangulum,4,Montipora monasteriata,210/02/17,14.2,Aceh,Pulau Weh,Luca's Reef,2,Chaetodon,triangulum,4,Montipora tuberculosa,310/02/17,14.2,Aceh,Pulau Weh,Luca's Reef,2,Chaetodon,triangulum,4,Acropora gemmifera,410/02/17,14.2,Aceh,Pulau Weh,Luca's Reef,2,Chaetodon,triangulum,4,Acropora divaricata,110/02/17,14.2,Aceh,Pulau Weh,Luca's Reef,2,Chaetodon,guttatisimus,6,Acropora hyacinthus,410/02/17,14.2,Aceh,Pulau Weh,Luca's Reef,2,Chaetodon,guttatisimus,6,Acropora nasuta,210/02/17,14.2,Aceh,Pulau Weh,Luca's Reef,2,Chaetodon,guttatisimus,6,Montipora monasteriata,210/02/17,14.2,Aceh,Pulau Weh,Luca's Reef,2,Chaetodon,guttatisimus,6,turf,210/02/17,14.2,Aceh,Pulau Weh,Luca's Reef,2,Chaetodon,guttatisimus,6,Montipora tuberculosa,110/02/17,14.2,Aceh,Pulau Weh,Luca's Reef,2,Chaetodon,guttatisimus,6,Montipora aequituberculata,210/02/17,14.2,Aceh,Pulau Weh,Luca's Reef,2,Chaetodon,guttatisimus,7,Montipora monasteriata,210/02/17,14.2,Aceh,Pulau Weh,Luca's Reef,2,Chaetodon,guttatisimus,7,turf,1910/02/17,14.2,Aceh,Pulau Weh,Luca's Reef,2,Chaetodon,guttatisimus,7,Montipora efflorescens,110/02/17,14.2,Aceh,Pulau Weh,Luca's Reef,2,Chaetodon,guttatisimus,7,Acropora hyacinthus,210/02/17,14.2,Aceh,Pulau Weh,Luca's Reef,2,Chaetodon,guttatisimus,7,Acropora downingi,110/02/17,14.2,Aceh,Pulau Weh,Luca's Reef,2,Chaetodon,mayeri,1,Montipora monasteriata,410/02/17,14.2,Aceh,Pulau Weh,Luca's Reef,2,Chaetodon,mayeri,1,Acropora hyacinthus,1210/02/17,14.2,Aceh,Pulau Weh,Luca's Reef,2,Chaetodon,mayeri,1,Acropora lutkeni,110/02/17,14.2,Aceh,Pulau Weh,Luca's Reef,2,Chaetodon,triangulum,5,Pocillopora meandrina,710/02/17,14.2,Aceh,Pulau Weh,Luca's Reef,2,Chaetodon,triangulum,5,Montipora tuberculosa,1010/02/17,14.2,Aceh,Pulau Weh,Luca's Reef,2,Chaetodon,triangulum,5,Montipora efflorescens,210/02/17,14.2,Aceh,Pulau Weh,Luca's Reef,2,Chaetodon,triangulum,5,Montipora monasteriata,510/02/17,14.2,Aceh,Pulau Weh,Luca's Reef,2,Chaetodon,triangulum,5,Galaxea fascicularis,910/02/17,14.2,Aceh,Pulau Weh,Luca's Reef,2,Chaetodon,triangulum,5,Acropora nasuta,210/02/17,14.2,Aceh,Pulau Weh,Luca's Reef,2,Chaetodon,triangulum,5,Acropora hyacinthus,110/02/17,14.2,Aceh,Pulau Weh,Luca's Reef,2,Chaetodon,triangulum,5,Acropora acuminata,110/02/17,14.2,Aceh,Pulau Weh,Luca's Reef,2,Chaetodon,triangulum,5,Acropora gemmifera,110/02/17,14.2,Aceh,Pulau Weh,Luca's Reef,2,Chaetodon,vagabundus,3,turf,2410/02/17,14.2,Aceh,Pulau Weh,Luca's Reef,2,Chaetodon,vagabundus,3,Montipora verrucosa,210/02/17,14.2,Aceh,Pulau Weh,Luca's Reef,2,Chaetodon,vagabundus,3,Montipora efflorescens,110/02/17,14.2,Aceh,Pulau Weh,Luca's Reef,2,Chaetodon,andamanensis,1,Corallomorph 5542,1710/02/17,14.2,Aceh,Pulau Weh,Luca's Reef,2,Chaetodon,raflesi,2,turf,2110/02/17,14.2,Aceh,Pulau Weh,Luca's Reef,2,Chaetodon,raflesi,2,Pocillopora meandrina,410/02/17,14.2,Aceh,Pulau Weh,Luca's Reef,2,Chaetodon,raflesi,2,Pocillopora verrucosa,210/02/17,14.2,Aceh,Pulau Weh,Luca's Reef,2,Chaetodon,triangulum,6,Acropora hyacinthus,1010/02/17,14.2,Aceh,Pulau Weh,Luca's Reef,2,Chaetodon,triangulum,6,Pocillopora verrucosa,810/02/17,14.2,Aceh,Pulau Weh,Luca's Reef,2,Chaetodon,triangulum,6,Galaxea fascicularis,810/02/17,14.2,Aceh,Pulau Weh,Luca's Reef,2,Chaetodon,triangulum,6,Acropora tenuis,3010/02/17,14.2,Aceh,Pulau Weh,Luca's Reef,2,Chaetodon,triangulum,6,Acropora nasuta,110/02/17,14.2,Aceh,Pulau Weh,Luca's Reef,2,Chaetodon,triangulum,6,Montipora efflorescens,110/02/17,14.2,Aceh,Pulau Weh,Luca's Reef,2,Chaetodon,trifascialis,9,Acropora nasuta,1010/02/17,14.2,Aceh,Pulau Weh,Luca's Reef,2,Chaetodon,trifascialis,9,Acropora divaricata,710/02/17,14.2,Aceh,Pulau Weh,Luca's Reef,2,Chaetodon,trifascialis,9,Acropora hyacinthus,1310/02/17,14.2,Aceh,Pulau Weh,Luca's Reef,2,Chaetodon,trifascialis,9,Montipora efflorescens,610/02/17,14.2,Aceh,Pulau Weh,Luca's Reef,2,Chaetodon,trifascialis,9,Montipora tuberculosa,310/02/17,14.2,Aceh,Pulau Weh,Luca's Reef,2,Chaetodon,trifascialis,9,Acropora donei,910/02/17,14.2,Aceh,Pulau Weh,Luca's Reef,2,Chaetodon,trifascialis,9,Pocillopora meandrina,110/02/17,14.2,Aceh,Pulau Weh,Luca's Reef,2,Chaetodon,trifascialis,9,Acropora gemmifera,410/02/17,14.2,Aceh,Pulau Weh,Luca's Reef,2,Chaetodon,trifascialis,9,Montipora verrucosa,210/02/17,16,Aceh,Pulau Weh,Luca's Reef,2,Chaetodon,trifascialis,10,Acropora downingi,310/02/17,16,Aceh,Pulau Weh,Luca's Reef,2,Chaetodon,trifascialis,10,Pocillopora verrucosa,310/02/17,16,Aceh,Pulau Weh,Luca's Reef,2,Chaetodon,trifascialis,10,Acropora gemmifera,310/02/17,16,Aceh,Pulau Weh,Luca's Reef,2,Chaetodon,trifascialis,10,Acropora hyacinthus,510/02/17,16,Aceh,Pulau Weh,Luca's Reef,2,Chaetodon,trifascialis,10,Montipora millepora,606/02/17,10.15,Aceh,Pulau Beras,Paloh,2,Chaetodon,trifasciatus,1,Pocillopora damicornis,406/02/17,10.15,Aceh,Pulau Beras,Paloh,2,Chaetodon,trifasciatus,1,Montipora aequituberculata,706/02/17,10.15,Aceh,Pulau Beras,Paloh,2,Chaetodon,trifasciatus,1,Pavona venosa,406/02/17,10.15,Aceh,Pulau Beras,Paloh,2,Chaetodon,trifasciatus,1,Galaxea fascicularis,1006/02/17,10.15,Aceh,Pulau Beras,Paloh,2,Chaetodon,trifasciatus,1,Psammocora contigua,306/02/17,10.15,Aceh,Pulau Beras,Paloh,2,Chaetodon,trifasciatus,1,Pocillopora eydouxi,706/02/17,10.15,Aceh,Pulau Beras,Paloh,2,Chaetodon,trifasciatus,1,Pavona varians,106/02/17,10.15,Aceh,Pulau Beras,Paloh,2,Chaetodon,trifasciatus,2,Pavona venosa,306/02/17,10.15,Aceh,Pulau Beras,Paloh,2,Chaetodon,trifasciatus,2,Galaxea fascicularis,1006/02/17,10.15,Aceh,Pulau Beras,Paloh,2,Chaetodon,trifasciatus,3,Galaxea fascicularis,106/02/17,10.15,Aceh,Pulau Beras,Paloh,2,Chaetodon,trifasciatus,3,Montipora crassituberculata,206/02/17,10.15,Aceh,Pulau Beras,Paloh,2,Chaetodon,trifasciatus,3,Montipora aequituberculata,2006/02/17,10.15,Aceh,Pulau Beras,Paloh,2,Chaetodon,trifasciatus,3,Montipora efflorescens,306/02/17,10.15,Aceh,Pulau Beras,Paloh,2,Chaetodon,trifasciatus,4,Montipora aequituberculata,206/02/17,10.15,Aceh,Pulau Beras,Paloh,2,Chaetodon,trifasciatus,4,Porites rus,106/02/17,10.15,Aceh,Pulau Beras,Paloh,2,Chaetodon,trifasciatus,4,Pocillopora eydouxi,406/02/17,10.15,Aceh,Pulau Beras,Paloh,2,Chaetodon,trifasciatus,4,Montipora crassituberculata,506/02/17,10.15,Aceh,Pulau Beras,Paloh,2,Chaetodon,trifasciatus,4,Pocillopora damicornis,206/02/17,10.15,Aceh,Pulau Beras,Paloh,2,Chaetodon,trifasciatus,5,Pocillopora eydouxi,3906/02/17,10.15,Aceh,Pulau Beras,Paloh,2,Chaetodon,trifasciatus,5,Montipora aequituberculata,106/02/17,10.15,Aceh,Pulau Beras,Paloh,2,Chaetodon,trifasciatus,6,Acropora muricata,1306/02/17,10.15,Aceh,Pulau Beras,Paloh,2,Chaetodon,trifasciatus,6,Montipora aequituberculata,3206/02/17,10.15,Aceh,Pulau Beras,Paloh,2,Chaetodon,trifasciatus,6,Montipora efflorescens,106/02/17,10.15,Aceh,Pulau Beras,Paloh,2,Chaetodon,trifasciatus,6,Pocillopora eydouxi,1706/02/17,10.15,Aceh,Pulau Beras,Paloh,2,Chaetodon,trifasciatus,7,Montipora aequituberculata,1706/02/17,10.15,Aceh,Pulau Beras,Paloh,2,Chaetodon,trifasciatus,7,Montipora efflorescens,206/02/17,10.15,Aceh,Pulau Beras,Paloh,2,Chaetodon,trifasciatus,7,Montipora crassituberculata,706/02/17,10.15,Aceh,Pulau Beras,Paloh,2,Chaetodon,trifasciatus,8,Acropora muricata,406/02/17,10.15,Aceh,Pulau Beras,Paloh,2,Chaetodon,trifasciatus,8,Pocillopora eydouxi,806/02/17,10.15,Aceh,Pulau Beras,Paloh,2,Chaetodon,trifasciatus,8,Montipora aequituberculata,3306/02/17,10.15,Aceh,Pulau Beras,Paloh,2,Chaetodon,interuptus,1,Montipora aequituberculata,506/02/17,10.15,Aceh,Pulau Beras,Paloh,2,Chaetodon,interuptus,1,Montipora crassituberculata,206/02/17,10.15,Aceh,Pulau Beras,Paloh,2,Chaetodon,trifasciatus,9,Galaxea fascicularis,1606/02/17,10.15,Aceh,Pulau Beras,Paloh,2,Chaetodon,trifasciatus,9,Pavona venosa,306/02/17,10.15,Aceh,Pulau Beras,Paloh,2,Chaetodon,trifasciatus,9,Pocillopora damicornis,206/02/17,10.15,Aceh,Pulau Beras,Paloh,2,Chaetodon,trifasciatus,9,Montipora efflorescens,406/02/17,10.15,Aceh,Pulau Beras,Paloh,2,Chaetodon,trifasciatus,10,Acropora lutkeni,406/02/17,10.15,Aceh,Pulau Beras,Paloh,2,Chaetodon,trifasciatus,10,Pocillopora damicornis,106/02/17,10.15,Aceh,Pulau Beras,Paloh,2,Chaetodon,trifasciatus,10,Pocillopora eydouxi,106/02/17,10.15,Aceh,Pulau Beras,Paloh,2,Chaetodon,trifasciatus,10,Montipora aequituberculata,206/02/17,10.15,Aceh,Pulau Beras,Paloh,2,Chaetodon,trifasciatus,10,Pocillopora eydouxi,1906/02/17,10.15,Aceh,Pulau Beras,Paloh,2,Chaetodon,trifascialis,1,Acropora orbicularis,1206/02/17,10.15,Aceh,Pulau Beras,Paloh,2,Chaetodon,trifascialis,1,Pocillopora damicornis,706/02/17,10.15,Aceh,Pulau Beras,Paloh,2,Chaetodon,trifascialis,1,Acropora lutkeni,206/02/17,10.15,Aceh,Pulau Beras,Paloh,2,Chaetodon,trifascialis,1,Acropora muricata,2806/02/17,10.15,Aceh,Pulau Beras,Paloh,2,Chaetodon,trifascialis,2,Acropora paniculata,4406/02/17,10.15,Aceh,Pulau Beras,Paloh,2,Chaetodon,trifascialis,3,Acropora paniculata,4306/02/17,10.15,Aceh,Pulau Beras,Paloh,2,Chaetodon,trifascialis,4,Acropora paniculata,5406/02/17,10.15,Aceh,Pulau Beras,Paloh,2,Chaetodon,trifascialis,5,Acropora paniculata,4706/02/17,10.15,Aceh,Pulau Beras,Paloh,2,Chaetodon,trifascialis,6,Acropora paniculata,4006/02/17,10.15,Aceh,Pulau Beras,Paloh,2,Chaetodon,trifascialis,6,Acropora muricata,406/02/17,11.5,Aceh,Pulau Beras,Paloh,2,Chaetodon,trifascialis,7,Acropora paniculata,2107/02/17,11.1,Aceh,Pulau Beras,Paloh,2,Chaetodon,triangulum,1,Pocillopora eydouxi,407/02/17,11.1,Aceh,Pulau Beras,Paloh,2,Chaetodon,triangulum,1,Pocillopora meandrina,907/02/17,11.1,Aceh,Pulau Beras,Paloh,2,Chaetodon,triangulum,1,Seriatopora hystrix,107/02/17,11.1,Aceh,Pulau Beras,Paloh,2,Chaetodon,triangulum,1,Pocillopora verrucosa,207/02/17,11.1,Aceh,Pulau Beras,Paloh,2,Chaetodon,triangulum,1,turf,207/02/17,11.1,Aceh,Pulau Beras,Paloh,2,Chaetodon,triangulum,1,Pocillopora damicornis,307/02/17,11.1,Aceh,Pulau Beras,Paloh,2,Chaetodon,triangulum,1,Montipora monasteriata,307/02/17,11.1,Aceh,Pulau Beras,Paloh,2,Chaetodon,triangulum,1,Galaxea fascicularis,107/02/17,11.1,Aceh,Pulau Beras,Paloh,2,Chaetodon,trifascialis,8,Pocillopora damicornis,207/02/17,11.1,Aceh,Pulau Beras,Paloh,2,Chaetodon,trifascialis,8,Pocillopora eydouxi,107/02/17,11.1,Aceh,Pulau Beras,Paloh,2,Chaetodon,trifascialis,8,Montipora monasteriata,307/02/17,11.1,Aceh,Pulau Beras,Paloh,2,Chaetodon,trifascialis,8,Montipora efflorescens,107/02/17,11.1,Aceh,Pulau Beras,Paloh,2,Chaetodon,trifascialis,8,Montipora aequituberculata,107/02/17,11.1,Aceh,Pulau Beras,Paloh,2,Chaetodon,andamanensis,1,Pocillopora damicornis,207/02/17,11.1,Aceh,Pulau Beras,Paloh,2,Chaetodon,andamanensis,1,Goniastrea retiformis,107/02/17,11.1,Aceh,Pulau Beras,Paloh,2,Chaetodon,andamanensis,1,Pocillopora meandrina,2007/02/17,11.1,Aceh,Pulau Beras,Paloh,2,Chaetodon,andamanensis,1,Favites pentagona,207/02/17,11.1,Aceh,Pulau Beras,Paloh,2,Chaetodon,andamanensis,1,Pocillopora eydouxi,307/02/17,11.1,Aceh,Pulau Beras,Paloh,2,Chaetodon,andamanensis,2,Pocillopora eydouxi,307/02/17,11.1,Aceh,Pulau Beras,Paloh,2,Chaetodon,andamanensis,2,Acropora hyacinthus,107/02/17,11.1,Aceh,Pulau Beras,Paloh,2,Chaetodon,andamanensis,2,Pocillopora meandrina,1007/02/17,11.1,Aceh,Pulau Beras,Paloh,2,Chaetodon,andamanensis,2,Hydnophora microconos,307/02/17,11.1,Aceh,Pulau Beras,Paloh,2,Chaetodon,andamanensis,2,Montipora monasteriata,207/02/17,11.1,Aceh,Pulau Beras,Paloh,2,Chaetodon,andamanensis,2,Goniastrea retiformis,107/02/17,11.1,Aceh,Pulau Beras,Paloh,2,Chaetodon,mayeri,1,Psammocora contigua,207/02/17,11.1,Aceh,Pulau Beras,Paloh,2,Chaetodon,mayeri,1,Acropora lutkeni,207/02/17,11.1,Aceh,Pulau Beras,Paloh,2,Chaetodon,mayeri,1,Pocillopora eydouxi,3007/02/17,11.1,Aceh,Pulau Beras,Paloh,2,Chaetodon,mayeri,1,Montipora crassituberculata,107/02/17,11.1,Aceh,Pulau Beras,Paloh,2,Chaetodon,mayeri,1,Montipora efflorescens,107/02/17,11.1,Aceh,Pulau Beras,Paloh,2,Chaetodon,mayeri,1,Pocillopora meandrina,107/02/17,11.1,Aceh,Pulau Beras,Paloh,2,Chaetodon,mayeri,1,Montipora aequituberculata,207/02/17,11.4,Aceh,Pulau Beras,Paloh,2,Chaetodon,triangulum,2,Galaxea fascicularis,107/02/17,11.4,Aceh,Pulau Beras,Paloh,2,Chaetodon,triangulum,2,Pocillopora eydouxi,1607/02/17,11.4,Aceh,Pulau Beras,Paloh,2,Chaetodon,triangulum,2,Montipora monasteriata,107/02/17,11.4,Aceh,Pulau Beras,Paloh,2,Chaetodon,triangulum,2,turf,107/02/17,11.4,Aceh,Pulau Beras,Paloh,2,Chaetodon,triangulum,2,Pocillopora verrucosa,407/02/17,11.4,Aceh,Pulau Beras,Paloh,2,Chaetodon,triangulum,2,Pocillopora damicornis,107/02/17,11.4,Aceh,Pulau Beras,Paloh,2,Chaetodon,triangulum,2,Pocillopora meandrina,507/02/17,11.4,Aceh,Pulau Beras,Paloh,2,Chaetodon,triangulum,3,Pocillopora meandrina,1307/02/17,11.4,Aceh,Pulau Beras,Paloh,2,Chaetodon,triangulum,3,Pocillopora eydouxi,2107/02/17,11.4,Aceh,Pulau Beras,Paloh,2,Chaetodon,triangulum,3,Acropora muricata,207/02/17,11.4,Aceh,Pulau Beras,Paloh,2,Chaetodon,guttatisimus,1,Pocillopora eydouxi,1307/02/17,11.4,Aceh,Pulau Beras,Paloh,2,Chaetodon,guttatisimus,1,Goniastrea retiformis,107/02/17,11.4,Aceh,Pulau Beras,Paloh,2,Chaetodon,guttatisimus,1,Pocillopora damicornis,107/02/17,11.4,Aceh,Pulau Beras,Paloh,2,Chaetodon,guttatisimus,1,Montipora efflorescens,307/02/17,11.4,Aceh,Pulau Beras,Paloh,2,Chaetodon,andamanensis,3,Pocillopora eydouxi,507/02/17,11.4,Aceh,Pulau Beras,Paloh,2,Chaetodon,andamanensis,3,Porites lutea,207/02/17,11.4,Aceh,Pulau Beras,Paloh,2,Chaetodon,andamanensis,3,Pocillopora meandrina,1807/02/17,11.4,Aceh,Pulau Beras,Paloh,2,Chaetodon,andamanensis,3,Dipsastraea matthai,107/02/17,11.4,Aceh,Pulau Beras,Paloh,2,Chaetodon,andamanensis,3,Montipora efflorescens,107/02/17,11.4,Aceh,Pulau Beras,Paloh,2,Chaetodon,mayeri,2,Pocillopora eydouxi,2907/02/17,11.4,Aceh,Pulau Beras,Paloh,2,Chaetodon,mayeri,2,Acropora lutkeni,107/02/17,11.4,Aceh,Pulau Beras,Paloh,2,Chaetodon,mayeri,2,Pocillopora damicornis,1107/02/17,11.4,Aceh,Pulau Beras,Paloh,2,Chaetodon,triangulum,4,Pocillopora eydouxi,1307/02/17,11.4,Aceh,Pulau Beras,Paloh,2,Chaetodon,triangulum,4,Galaxea fascicularis,707/02/17,11.4,Aceh,Pulau Beras,Paloh,2,Chaetodon,triangulum,4,Pocillopora damicornis,107/02/17,11.4,Aceh,Pulau Beras,Paloh,2,Chaetodon,triangulum,4,Pocillopora meandrina,407/02/17,11.4,Aceh,Pulau Beras,Paloh,2,Chaetodon,triangulum,4,Montipora efflorescens,107/02/17,11.4,Aceh,Pulau Beras,Paloh,2,Chaetodon,triangulum,5,Pocillopora eydouxi,207/02/17,11.4,Aceh,Pulau Beras,Paloh,2,Chaetodon,triangulum,5,Pocillopora damicornis,107/02/17,11.4,Aceh,Pulau Beras,Paloh,2,Chaetodon,triangulum,5,Pocillopora meandrina,307/02/17,11.4,Aceh,Pulau Beras,Paloh,2,Chaetodon,raflesi,1,turf,1407/02/17,11.4,Aceh,Pulau Beras,Paloh,2,Chaetodon,raflesi,1,Montipora efflorescens,107/02/17,11.4,Aceh,Pulau Beras,Paloh,2,Chaetodon,raflesi,1,Montipora aequituberculata,107/02/17,11.4,Aceh,Pulau Beras,Paloh,2,Chaetodon,raflesi,1,Montipora monasteriata,107/02/17,11.4,Aceh,Pulau Beras,Paloh,2,Chaetodon,raflesi,1,Galaxea fascicularis,307/02/17,11.4,Aceh,Pulau Beras,Paloh,2,Chaetodon,raflesi,1,Pavona venosa,207/02/17,11.4,Aceh,Pulau Beras,Paloh,2,Chaetodon,andamanensis,4,Montipora monasteriata,207/02/17,11.4,Aceh,Pulau Beras,Paloh,2,Chaetodon,andamanensis,4,turf,207/02/17,11.4,Aceh,Pulau Beras,Paloh,2,Chaetodon,andamanensis,4,Pocillopora meandrina,707/02/17,11.4,Aceh,Pulau Beras,Paloh,2,Chaetodon,andamanensis,4,Goniastrea retiformis,407/02/17,11.4,Aceh,Pulau Beras,Paloh,2,Chaetodon,andamanensis,4,Pocillopora eydouxi,107/02/17,11.4,Aceh,Pulau Beras,Paloh,2,Chaetodon,andamanensis,4,Platygyra pini,107/02/17,11.4,Aceh,Pulau Beras,Paloh,2,Chaetodon,andamanensis,4,Montipora aequituberculata,107/02/17,11.4,Aceh,Pulau Beras,Paloh,2,Chaetodon,andamanensis,4,Dipsastraea matthai,407/02/17,11.4,Aceh,Pulau Beras,Paloh,2,Chaetodon,andamanensis,4,Pocillopora damicornis,407/02/17,11.4,Aceh,Pulau Beras,Paloh,2,Chaetodon,guttatisimus,2,Pavona venosa,607/02/17,11.4,Aceh,Pulau Beras,Paloh,2,Chaetodon,guttatisimus,2,Pocillopora eydouxi,707/02/17,11.4,Aceh,Pulau Beras,Paloh,2,Chaetodon,guttatisimus,2,Montipora efflorescens,1707/02/17,11.4,Aceh,Pulau Beras,Paloh,2,Chaetodon,guttatisimus,2,Pocillopora damicornis,207/02/17,11.4,Aceh,Pulau Beras,Paloh,2,Chaetodon,guttatisimus,2,Goniastrea retiformis,207/02/17,11.4,Aceh,Pulau Beras,Paloh,2,Chaetodon,guttatisimus,2,Platygyra pini,207/02/17,11.4,Aceh,Pulau Beras,Paloh,2,Chaetodon,mayeri,3,Pocillopora eydouxi,1107/02/17,11.4,Aceh,Pulau Beras,Paloh,2,Chaetodon,mayeri,3,Montipora crassituberculata,2207/02/17,11.4,Aceh,Pulau Beras,Paloh,2,Chaetodon,mayeri,3,Pocillopora damicornis,807/02/17,11.4,Aceh,Pulau Beras,Paloh,2,Chaetodon,mayeri,3,Favites pentagona,207/02/17,11.4,Aceh,Pulau Beras,Paloh,2,Chaetodon,mayeri,3,Pavona varians,107/02/17,11.4,Aceh,Pulau Beras,Paloh,2,Chaetodon,mayeri,4,Pocillopora damicornis,1007/02/17,11.4,Aceh,Pulau Beras,Paloh,2,Chaetodon,mayeri,4,Pocillopora eydouxi,707/02/17,11.4,Aceh,Pulau Beras,Paloh,2,Chaetodon,mayeri,4,Pavona venosa,507/02/17,11.4,Aceh,Pulau Beras,Paloh,2,Chaetodon,mayeri,4,Psammocora contigua,707/02/17,11.4,Aceh,Pulau Beras,Paloh,2,Chaetodon,triangulum,6,Pocillopora meandrina,507/02/17,11.4,Aceh,Pulau Beras,Paloh,2,Chaetodon,triangulum,6,Acropora gemmifera,207/02/17,11.4,Aceh,Pulau Beras,Paloh,2,Chaetodon,triangulum,6,Seriatopora hystrix,307/02/17,11.4,Aceh,Pulau Beras,Paloh,2,Chaetodon,triangulum,6,Galaxea fascicularis,307/02/17,11.4,Aceh,Pulau Beras,Paloh,2,Chaetodon,triangulum,6,Pocillopora damicornis,407/02/17,11.4,Aceh,Pulau Beras,Paloh,2,Chaetodon,triangulum,6,Pocillopora eydouxi,807/02/17,11.4,Aceh,Pulau Beras,Paloh,2,Chaetodon,vagabundus,1,turf,107/02/17,11.4,Aceh,Pulau Beras,Paloh,2,Chaetodon,vagabundus,2,turf,607/02/17,11.4,Aceh,Pulau Beras,Paloh,2,Chaetodon,vagabundus,2,CCA,407/02/17,11.4,Aceh,Pulau Beras,Paloh,2,Chaetodon,vagabundus,2,Pocillopora damicornis,307/02/17,11.4,Aceh,Pulau Beras,Paloh,2,Chaetodon,vagabundus,2,Galaxea fascicularis,107/02/17,11.4,Aceh,Pulau Beras,Paloh,2,Chaetodon,vagabundus,2,Pavona duerdeni,107/02/17,11.4,Aceh,Pulau Beras,Paloh,2,Chaetodon,vagabundus,3,turf,3107/02/17,11.4,Aceh,Pulau Beras,Paloh,2,Chaetodon,vagabundus,3,CCA,1407/02/17,11.4,Aceh,Pulau Beras,Paloh,2,Chaetodon,vagabundus,3,Goniastrea retiformis,207/02/17,11.4,Aceh,Pulau Beras,Paloh,2,Chaetodon,guttatisimus,3,turf,407/02/17,11.4,Aceh,Pulau Beras,Paloh,2,Chaetodon,guttatisimus,3,Pocillopora damicornis,2007/02/17,11.4,Aceh,Pulau Beras,Paloh,2,Chaetodon,guttatisimus,3,Montipora crassituberculata,407/02/17,11.4,Aceh,Pulau Beras,Paloh,2,Chaetodon,guttatisimus,3,Pavona venosa,107/02/17,11.4,Aceh,Pulau Beras,Paloh,2,Chaetodon,guttatisimus,3,Pavona varians,107/02/17,11.4,Aceh,Pulau Beras,Paloh,2,Chaetodon,guttatisimus,3,Pocillopora eydouxi,207/02/17,11.4,Aceh,Pulau Beras,Paloh,2,Chaetodon,guttatisimus,3,Montipora monasteriata,507/02/17,11.4,Aceh,Pulau Beras,Paloh,2,Chaetodon,mayeri,5,Pavona venosa,307/02/17,11.4,Aceh,Pulau Beras,Paloh,2,Chaetodon,mayeri,5,Psammocora contigua,307/02/17,11.4,Aceh,Pulau Beras,Paloh,2,Chaetodon,mayeri,5,Pocillopora damicornis,1707/02/17,11.4,Aceh,Pulau Beras,Paloh,2,Chaetodon,mayeri,5,Goniastrea retiformis,707/02/17,11.4,Aceh,Pulau Beras,Paloh,2,Chaetodon,mayeri,5,Pocillopora eydouxi,707/02/17,11.4,Aceh,Pulau Beras,Paloh,2,Chaetodon,guttatisimus,4,Pocillopora damicornis,307/02/17,11.4,Aceh,Pulau Beras,Paloh,2,Chaetodon,guttatisimus,4,turf,207/02/17,12.55,Aceh,Pulau Beras,Paloh,2,Chaetodon,andamanensis,5,Pocillopora meandrina,107/02/17,12.55,Aceh,Pulau Beras,Paloh,2,Chaetodon,andamanensis,5,Hydnophora microconos,507/02/17,12.55,Aceh,Pulau Beras,Paloh,2,Chaetodon,andamanensis,5,Galaxea fascicularis,207/02/17,12.55,Aceh,Pulau Beras,Paloh,2,Chaetodon,andamanensis,5,Pavona venosa,307/02/17,12.55,Aceh,Pulau Beras,Paloh,2,Chaetodon,andamanensis,5,Platygyra pini,407/02/17,12.55,Aceh,Pulau Beras,Paloh,2,Chaetodon,andamanensis,5,Montipora aequituberculata,407/02/17,12.55,Aceh,Pulau Beras,Paloh,2,Chaetodon,andamanensis,5,Montipora efflorescens,107/02/17,12.55,Aceh,Pulau Beras,Paloh,2,Chaetodon,andamanensis,5,Pocillopora damicornis,207/02/17,12.55,Aceh,Pulau Beras,Paloh,2,Chaetodon,andamanensis,5,Montipora monasteriata,107/02/17,12.55,Aceh,Pulau Beras,Paloh,2,Chaetodon,andamanensis,5,Leptastrea transversa,2